time_id,year,month,quarter,season
1,1991,1,q1,winter
2,1991,2,q1,winter
3,1991,3,q1,spring
4,1991,4,q2,spring
5,1991,5,q2,spring
6,1991,6,q2,summer
7,1991,7,q3,summer
8,1991,8,q3,summer
9,1991,9,q3,fall
10,1991,10,q4,fall
11,1991,11,q4,fall
12,1991,12,q4,winter
13,1992,1,q1,winter
14,1992,2,q1,winter
15,1992,3,q1,spring
16,1992,4,q2,spring
17,1992,5,q2,spring
18,1992,6,q2,summer
19,1992,7,q3,summer
20,1992,8,q3,summer
21,1992,9,q3,fall
22,1992,10,q4,fall
23,1992,11,q4,fall
24,1992,12,q4,winter
25,1993,1,q1,winter
26,1993,2,q1,winter
27,1993,3,q1,spring
28,1993,4,q2,spring
29,1993,5,q2,spring
30,1993,6,q2,summer
31,1993,7,q3,summer
32,1993,8,q3,summer
33,1993,9,q3,fall
34,1993,10,q4,fall
35,1993,11,q4,fall
36,1993,12,q4,winter
37,1994,1,q1,winter
38,1994,2,q1,winter
39,1994,3,q1,spring
40,1994,4,q2,spring
41,1994,5,q2,spring
42,1994,6,q2,summer
43,1994,7,q3,summer
44,1994,8,q3,summer
45,1994,9,q3,fall
46,1994,10,q4,fall
47,1994,11,q4,fall
48,1994,12,q4,winter
49,1995,1,q1,winter
50,1995,2,q1,winter
51,1995,3,q1,spring
52,1995,4,q2,spring
53,1995,5,q2,spring
54,1995,6,q2,summer
55,1995,7,q3,summer
56,1995,8,q3,summer
57,1995,9,q3,fall
58,1995,10,q4,fall
59,1995,11,q4,fall
60,1995,12,q4,winter
61,1996,1,q1,winter
62,1996,2,q1,winter
63,1996,3,q1,spring
64,1996,4,q2,spring
65,1996,5,q2,spring
66,1996,6,q2,summer
67,1996,7,q3,summer
68,1996,8,q3,summer
69,1996,9,q3,fall
70,1996,10,q4,fall
71,1996,11,q4,fall
72,1996,12,q4,winter
73,1997,1,q1,winter
74,1997,2,q1,winter
75,1997,3,q1,spring
76,1997,4,q2,spring
77,1997,5,q2,spring
78,1997,6,q2,summer
79,1997,7,q3,summer
80,1997,8,q3,summer
81,1997,9,q3,fall
82,1997,10,q4,fall
83,1997,11,q4,fall
84,1997,12,q4,winter
85,1998,1,q1,winter
86,1998,2,q1,winter
87,1998,3,q1,spring
88,1998,4,q2,spring
89,1998,5,q2,spring
90,1998,6,q2,summer
91,1998,7,q3,summer
92,1998,8,q3,summer
93,1998,9,q3,fall
94,1998,10,q4,fall
95,1998,11,q4,fall
96,1998,12,q4,winter
97,1999,1,q1,winter
98,1999,2,q1,winter
99,1999,3,q1,spring
100,1999,4,q2,spring
101,1999,5,q2,spring
102,1999,6,q2,summer
103,1999,7,q3,summer
104,1999,8,q3,summer
105,1999,9,q3,fall
106,1999,10,q4,fall
107,1999,11,q4,fall
108,1999,12,q4,winter
109,2000,1,q1,winter
110,2000,2,q1,winter
111,2000,3,q1,spring
112,2000,4,q2,spring
113,2000,5,q2,spring
114,2000,6,q2,summer
115,2000,7,q3,summer
116,2000,8,q3,summer
117,2000,9,q3,fall
118,2000,10,q4,fall
119,2000,11,q4,fall
120,2000,12,q4,winter
121,2001,1,q1,winter
122,2001,2,q1,winter
123,2001,3,q1,spring
124,2001,4,q2,spring
125,2001,5,q2,spring
126,2001,6,q2,summer
127,2001,7,q3,summer
128,2001,8,q3,summer
129,2001,9,q3,fall
130,2001,10,q4,fall
131,2001,11,q4,fall
132,2001,12,q4,winter
133,2002,1,q1,winter
134,2002,2,q1,winter
135,2002,3,q1,spring
136,2002,4,q2,spring
137,2002,5,q2,spring
138,2002,6,q2,summer
139,2002,7,q3,summer
140,2002,8,q3,summer
141,2002,9,q3,fall
142,2002,10,q4,fall
143,2002,11,q4,fall
144,2002,12,q4,winter
145,2003,1,q1,winter
146,2003,2,q1,winter
147,2003,3,q1,spring
148,2003,4,q2,spring
149,2003,5,q2,spring
150,2003,6,q2,summer
151,2003,7,q3,summer
152,2003,8,q3,summer
153,2003,9,q3,fall
154,2003,10,q4,fall
155,2003,11,q4,fall
156,2003,12,q4,winter
157,2004,1,q1,winter
158,2004,2,q1,winter
159,2004,3,q1,spring
160,2004,4,q2,spring
161,2004,5,q2,spring
162,2004,6,q2,summer
163,2004,7,q3,summer
164,2004,8,q3,summer
165,2004,9,q3,fall
166,2004,10,q4,fall
167,2004,11,q4,fall
168,2004,12,q4,winter
169,2005,1,q1,winter
170,2005,2,q1,winter
171,2005,3,q1,spring
172,2005,4,q2,spring
173,2005,5,q2,spring
174,2005,6,q2,summer
175,2005,7,q3,summer
176,2005,8,q3,summer
177,2005,9,q3,fall
178,2005,10,q4,fall
179,2005,11,q4,fall
180,2005,12,q4,winter
181,2006,1,q1,winter
182,2006,2,q1,winter
183,2006,3,q1,spring
184,2006,4,q2,spring
185,2006,5,q2,spring
186,2006,6,q2,summer
187,2006,7,q3,summer
188,2006,8,q3,summer
189,2006,9,q3,fall
190,2006,10,q4,fall
191,2006,11,q4,fall
192,2006,12,q4,winter
193,2007,1,q1,winter
194,2007,2,q1,winter
195,2007,3,q1,spring
196,2007,4,q2,spring
197,2007,5,q2,spring
198,2007,6,q2,summer
199,2007,7,q3,summer
200,2007,8,q3,summer
201,2007,9,q3,fall
202,2007,10,q4,fall
203,2007,11,q4,fall
204,2007,12,q4,winter
205,2008,1,q1,winter
206,2008,2,q1,winter
207,2008,3,q1,spring
208,2008,4,q2,spring
209,2008,5,q2,spring
210,2008,6,q2,summer
211,2008,7,q3,summer
212,2008,8,q3,summer
213,2008,9,q3,fall
214,2008,10,q4,fall
215,2008,11,q4,fall
216,2008,12,q4,winter
217,2009,1,q1,winter
218,2009,2,q1,winter
219,2009,3,q1,spring
220,2009,4,q2,spring
221,2009,5,q2,spring
222,2009,6,q2,summer
223,2009,7,q3,summer
224,2009,8,q3,summer
225,2009,9,q3,fall
226,2009,10,q4,fall
227,2009,11,q4,fall
228,2009,12,q4,winter
229,2010,1,q1,winter
230,2010,2,q1,winter
231,2010,3,q1,spring
232,2010,4,q2,spring
233,2010,5,q2,spring
234,2010,6,q2,summer
235,2010,7,q3,summer
236,2010,8,q3,summer
237,2010,9,q3,fall
238,2010,10,q4,fall
239,2010,11,q4,fall
240,2010,12,q4,winter
241,2011,1,q1,winter
242,2011,2,q1,winter
243,2011,3,q1,spring
244,2011,4,q2,spring
245,2011,5,q2,spring
246,2011,6,q2,summer
247,2011,7,q3,summer
248,2011,8,q3,summer
249,2011,9,q3,fall
250,2011,10,q4,fall
251,2011,11,q4,fall
252,2011,12,q4,winter
253,2012,1,q1,winter
254,2012,2,q1,winter
255,2012,3,q1,spring
256,2012,4,q2,spring
257,2012,5,q2,spring
258,2012,6,q2,summer
259,2012,7,q3,summer
260,2012,8,q3,summer
261,2012,9,q3,fall
262,2012,10,q4,fall
263,2012,11,q4,fall
264,2012,12,q4,winter
265,2013,1,q1,winter
266,2013,2,q1,winter
267,2013,3,q1,spring
268,2013,4,q2,spring
269,2013,5,q2,spring
270,2013,6,q2,summer
271,2013,7,q3,summer
272,2013,8,q3,summer
273,2013,9,q3,fall
274,2013,10,q4,fall
275,2013,11,q4,fall
276,2013,12,q4,winter
277,2014,1,q1,winter
278,2014,2,q1,winter
279,2014,3,q1,spring
280,2014,4,q2,spring
281,2014,5,q2,spring
282,2014,6,q2,summer
283,2014,7,q3,summer
284,2014,8,q3,summer
285,2014,9,q3,fall
286,2014,10,q4,fall
287,2014,11,q4,fall
288,2014,12,q4,winter
289,2015,1,q1,winter
290,2015,2,q1,winter
291,2015,3,q1,spring
292,2015,4,q2,spring
293,2015,5,q2,spring
294,2015,6,q2,summer
295,2015,7,q3,summer
296,2015,8,q3,summer
297,2015,9,q3,fall
298,2015,10,q4,fall
299,2015,11,q4,fall
300,2015,12,q4,winter
301,2016,1,q1,winter
302,2016,2,q1,winter
303,2016,3,q1,spring
304,2016,4,q2,spring
305,2016,5,q2,spring
306,2016,6,q2,summer
307,2016,7,q3,summer
308,2016,8,q3,summer
309,2016,9,q3,fall
310,2016,10,q4,fall
311,2016,11,q4,fall
312,2016,12,q4,winter
313,2017,1,q1,winter
314,2017,2,q1,winter
315,2017,3,q1,spring
316,2017,4,q2,spring
317,2017,5,q2,spring
318,2017,6,q2,summer
319,2017,7,q3,summer
320,2017,8,q3,summer
321,2017,9,q3,fall
322,2017,10,q4,fall
323,2017,11,q4,fall
324,2017,12,q4,winter
325,2018,1,q1,winter
326,2018,2,q1,winter
327,2018,3,q1,spring
328,2018,4,q2,spring
329,2018,5,q2,spring
330,2018,6,q2,summer
331,2018,7,q3,summer
332,2018,8,q3,summer
333,2018,9,q3,fall
334,2018,10,q4,fall
335,2018,11,q4,fall
336,2018,12,q4,winter
337,2019,1,q1,winter
338,2019,2,q1,winter
339,2019,3,q1,spring
340,2019,4,q2,spring
341,2019,5,q2,spring
342,2019,6,q2,summer
343,2019,7,q3,summer
344,2019,8,q3,summer
345,2019,9,q3,fall
346,2019,10,q4,fall
347,2019,11,q4,fall
348,2019,12,q4,winter
349,2020,1,q1,winter
350,2020,2,q1,winter
351,2020,3,q1,spring
352,2020,4,q2,spring
353,2020,5,q2,spring
354,2020,6,q2,summer
355,2020,7,q3,summer
356,2020,8,q3,summer
357,2020,9,q3,fall
358,2020,10,q4,fall
359,2020,11,q4,fall
360,2020,12,q4,winter
361,2021,1,q1,winter
362,2021,2,q1,winter
363,2021,3,q1,spring
364,2021,4,q2,spring
365,2021,5,q2,spring
366,2021,6,q2,summer
367,2021,7,q3,summer
368,2021,8,q3,summer
369,2021,9,q3,fall
370,2021,10,q4,fall
371,2021,11,q4,fall
372,2021,12,q4,winter
373,2022,1,q1,winter
374,2022,2,q1,winter
375,2022,3,q1,spring
376,2022,4,q2,spring
377,2022,5,q2,spring
378,2022,6,q2,summer
379,2022,7,q3,summer
380,2022,8,q3,summer
381,2022,9,q3,fall
382,2022,10,q4,fall
383,2022,11,q4,fall
384,2022,12,q4,winter
385,2023,1,q1,winter
386,2023,2,q1,winter
387,2023,3,q1,spring
388,2023,4,q2,spring
389,2023,5,q2,spring
390,2023,6,q2,summer
391,2023,7,q3,summer
392,2023,8,q3,summer
393,2023,9,q3,fall
394,2023,10,q4,fall
395,2023,11,q4,fall
396,2023,12,q4,winter
397,2024,1,q1,winter
398,2024,2,q1,winter
399,2024,3,q1,spring
400,2024,4,q2,spring
401,2024,5,q2,spring
402,2024,6,q2,summer
403,2024,7,q3,summer
404,2024,8,q3,summer
405,2024,9,q3,fall
406,2024,10,q4,fall
407,2024,11,q4,fall
408,2024,12,q4,winter
409,2025,1,q1,winter
410,2025,2,q1,winter
411,2025,3,q1,spring
412,2025,4,q2,spring
413,2025,5,q2,spring
414,2025,6,q2,summer
415,2025,7,q3,summer
416,2025,8,q3,summer
417,2025,9,q3,fall
418,2025,10,q4,fall
419,2025,11,q4,fall
420,2025,12,q4,winter
421,2026,1,q1,winter
422,2026,2,q1,winter
423,2026,3,q1,spring
424,2026,4,q2,spring
425,2026,5,q2,spring
426,2026,6,q2,summer
427,2026,7,q3,summer
428,2026,8,q3,summer
429,2026,9,q3,fall
430,2026,10,q4,fall
431,2026,11,q4,fall
432,2026,12,q4,winter
433,2027,1,q1,winter
434,2027,2,q1,winter
435,2027,3,q1,spring
436,2027,4,q2,spring
437,2027,5,q2,spring
438,2027,6,q2,summer
439,2027,7,q3,summer
440,2027,8,q3,summer
441,2027,9,q3,fall
442,2027,10,q4,fall
443,2027,11,q4,fall
444,2027,12,q4,winter
445,2028,1,q1,winter
446,2028,2,q1,winter
447,2028,3,q1,spring
448,2028,4,q2,spring
449,2028,5,q2,spring
450,2028,6,q2,summer
451,2028,7,q3,summer
452,2028,8,q3,summer
453,2028,9,q3,fall
454,2028,10,q4,fall
455,2028,11,q4,fall
456,2028,12,q4,winter
457,2029,1,q1,winter
458,2029,2,q1,winter
459,2029,3,q1,spring
460,2029,4,q2,spring
461,2029,5,q2,spring
462,2029,6,q2,summer
463,2029,7,q3,summer
464,2029,8,q3,summer
465,2029,9,q3,fall
466,2029,10,q4,fall
467,2029,11,q4,fall
468,2029,12,q4,winter
469,2030,1,q1,winter
470,2030,2,q1,winter
471,2030,3,q1,spring
472,2030,4,q2,spring
473,2030,5,q2,spring
474,2030,6,q2,summer
475,2030,7,q3,summer
476,2030,8,q3,summer
477,2030,9,q3,fall
478,2030,10,q4,fall
479,2030,11,q4,fall
480,2030,12,q4,winter
481,2031,1,q1,winter
482,2031,2,q1,winter
483,2031,3,q1,spring
484,2031,4,q2,spring
485,2031,5,q2,spring
486,2031,6,q2,summer
487,2031,7,q3,summer
488,2031,8,q3,summer
489,2031,9,q3,fall
490,2031,10,q4,fall
491,2031,11,q4,fall
492,2031,12,q4,winter
493,2032,1,q1,winter
494,2032,2,q1,winter
495,2032,3,q1,spring
496,2032,4,q2,spring
497,2032,5,q2,spring
498,2032,6,q2,summer
499,2032,7,q3,summer
500,2032,8,q3,summer
501,2032,9,q3,fall
502,2032,10,q4,fall
503,2032,11,q4,fall
504,2032,12,q4,winter
505,2033,1,q1,winter
506,2033,2,q1,winter
507,2033,3,q1,spring
508,2033,4,q2,spring
509,2033,5,q2,spring
510,2033,6,q2,summer
511,2033,7,q3,summer
512,2033,8,q3,summer
513,2033,9,q3,fall
514,2033,10,q4,fall
515,2033,11,q4,fall
516,2033,12,q4,winter
517,2034,1,q1,winter
518,2034,2,q1,winter
519,2034,3,q1,spring
520,2034,4,q2,spring
521,2034,5,q2,spring
522,2034,6,q2,summer
523,2034,7,q3,summer
524,2034,8,q3,summer
525,2034,9,q3,fall
526,2034,10,q4,fall
527,2034,11,q4,fall
528,2034,12,q4,winter
529,2035,1,q1,winter
530,2035,2,q1,winter
531,2035,3,q1,spring
532,2035,4,q2,spring
533,2035,5,q2,spring
534,2035,6,q2,summer
535,2035,7,q3,summer
536,2035,8,q3,summer
537,2035,9,q3,fall
538,2035,10,q4,fall
539,2035,11,q4,fall
540,2035,12,q4,winter
541,2036,1,q1,winter
542,2036,2,q1,winter
543,2036,3,q1,spring
544,2036,4,q2,spring
545,2036,5,q2,spring
546,2036,6,q2,summer
547,2036,7,q3,summer
548,2036,8,q3,summer
549,2036,9,q3,fall
550,2036,10,q4,fall
551,2036,11,q4,fall
552,2036,12,q4,winter
553,2037,1,q1,winter
554,2037,2,q1,winter
555,2037,3,q1,spring
556,2037,4,q2,spring
557,2037,5,q2,spring
558,2037,6,q2,summer
559,2037,7,q3,summer
560,2037,8,q3,summer
561,2037,9,q3,fall
562,2037,10,q4,fall
563,2037,11,q4,fall
564,2037,12,q4,winter
565,2038,1,q1,winter
566,2038,2,q1,winter
567,2038,3,q1,spring
568,2038,4,q2,spring
569,2038,5,q2,spring
570,2038,6,q2,summer
571,2038,7,q3,summer
572,2038,8,q3,summer
573,2038,9,q3,fall
574,2038,10,q4,fall
575,2038,11,q4,fall
576,2038,12,q4,winter
577,2039,1,q1,winter
578,2039,2,q1,winter
579,2039,3,q1,spring
580,2039,4,q2,spring
581,2039,5,q2,spring
582,2039,6,q2,summer
583,2039,7,q3,summer
584,2039,8,q3,summer
585,2039,9,q3,fall
586,2039,10,q4,fall
587,2039,11,q4,fall
588,2039,12,q4,winter
589,2040,1,q1,winter
590,2040,2,q1,winter
591,2040,3,q1,spring
592,2040,4,q2,spring
593,2040,5,q2,spring
594,2040,6,q2,summer
595,2040,7,q3,summer
596,2040,8,q3,summer
597,2040,9,q3,fall
598,2040,10,q4,fall
599,2040,11,q4,fall
600,2040,12,q4,winter
601,2041,1,q1,winter
602,2041,2,q1,winter
603,2041,3,q1,spring
604,2041,4,q2,spring
605,2041,5,q2,spring
606,2041,6,q2,summer
607,2041,7,q3,summer
608,2041,8,q3,summer
609,2041,9,q3,fall
610,2041,10,q4,fall
611,2041,11,q4,fall
612,2041,12,q4,winter
613,2042,1,q1,winter
614,2042,2,q1,winter
615,2042,3,q1,spring
616,2042,4,q2,spring
617,2042,5,q2,spring
618,2042,6,q2,summer
619,2042,7,q3,summer
620,2042,8,q3,summer
621,2042,9,q3,fall
622,2042,10,q4,fall
623,2042,11,q4,fall
624,2042,12,q4,winter
625,2043,1,q1,winter
626,2043,2,q1,winter
627,2043,3,q1,spring
628,2043,4,q2,spring
629,2043,5,q2,spring
630,2043,6,q2,summer
631,2043,7,q3,summer
632,2043,8,q3,summer
633,2043,9,q3,fall
634,2043,10,q4,fall
635,2043,11,q4,fall
636,2043,12,q4,winter
637,2044,1,q1,winter
638,2044,2,q1,winter
639,2044,3,q1,spring
640,2044,4,q2,spring
641,2044,5,q2,spring
642,2044,6,q2,summer
643,2044,7,q3,summer
644,2044,8,q3,summer
645,2044,9,q3,fall
646,2044,10,q4,fall
647,2044,11,q4,fall
648,2044,12,q4,winter
649,2045,1,q1,winter
650,2045,2,q1,winter
651,2045,3,q1,spring
652,2045,4,q2,spring
653,2045,5,q2,spring
654,2045,6,q2,summer
655,2045,7,q3,summer
656,2045,8,q3,summer
657,2045,9,q3,fall
658,2045,10,q4,fall
659,2045,11,q4,fall
660,2045,12,q4,winter
661,2046,1,q1,winter
662,2046,2,q1,winter
663,2046,3,q1,spring
664,2046,4,q2,spring
665,2046,5,q2,spring
666,2046,6,q2,summer
667,2046,7,q3,summer
668,2046,8,q3,summer
669,2046,9,q3,fall
670,2046,10,q4,fall
671,2046,11,q4,fall
672,2046,12,q4,winter
673,2047,1,q1,winter
674,2047,2,q1,winter
675,2047,3,q1,spring
676,2047,4,q2,spring
677,2047,5,q2,spring
678,2047,6,q2,summer
679,2047,7,q3,summer
680,2047,8,q3,summer
681,2047,9,q3,fall
682,2047,10,q4,fall
683,2047,11,q4,fall
684,2047,12,q4,winter
685,2048,1,q1,winter
686,2048,2,q1,winter
687,2048,3,q1,spring
688,2048,4,q2,spring
689,2048,5,q2,spring
690,2048,6,q2,summer
691,2048,7,q3,summer
692,2048,8,q3,summer
693,2048,9,q3,fall
694,2048,10,q4,fall
695,2048,11,q4,fall
696,2048,12,q4,winter
697,2049,1,q1,winter
698,2049,2,q1,winter
699,2049,3,q1,spring
700,2049,4,q2,spring
701,2049,5,q2,spring
702,2049,6,q2,summer
703,2049,7,q3,summer
704,2049,8,q3,summer
705,2049,9,q3,fall
706,2049,10,q4,fall
707,2049,11,q4,fall
708,2049,12,q4,winter
709,2050,1,q1,winter
710,2050,2,q1,winter
711,2050,3,q1,spring
712,2050,4,q2,spring
713,2050,5,q2,spring
714,2050,6,q2,summer
715,2050,7,q3,summer
716,2050,8,q3,summer
717,2050,9,q3,fall
718,2050,10,q4,fall
719,2050,11,q4,fall
720,2050,12,q4,winter
721,2051,1,q1,winter
722,2051,2,q1,winter
723,2051,3,q1,spring
724,2051,4,q2,spring
725,2051,5,q2,spring
726,2051,6,q2,summer
727,2051,7,q3,summer
728,2051,8,q3,summer
729,2051,9,q3,fall
730,2051,10,q4,fall
731,2051,11,q4,fall
732,2051,12,q4,winter
733,2052,1,q1,winter
734,2052,2,q1,winter
735,2052,3,q1,spring
736,2052,4,q2,spring
737,2052,5,q2,spring
738,2052,6,q2,summer
739,2052,7,q3,summer
740,2052,8,q3,summer
741,2052,9,q3,fall
742,2052,10,q4,fall
743,2052,11,q4,fall
744,2052,12,q4,winter
745,2053,1,q1,winter
746,2053,2,q1,winter
747,2053,3,q1,spring
748,2053,4,q2,spring
749,2053,5,q2,spring
750,2053,6,q2,summer
751,2053,7,q3,summer
752,2053,8,q3,summer
753,2053,9,q3,fall
754,2053,10,q4,fall
755,2053,11,q4,fall
756,2053,12,q4,winter
757,2054,1,q1,winter
758,2054,2,q1,winter
759,2054,3,q1,spring
760,2054,4,q2,spring
761,2054,5,q2,spring
762,2054,6,q2,summer
763,2054,7,q3,summer
764,2054,8,q3,summer
765,2054,9,q3,fall
766,2054,10,q4,fall
767,2054,11,q4,fall
768,2054,12,q4,winter
769,2055,1,q1,winter
770,2055,2,q1,winter
771,2055,3,q1,spring
772,2055,4,q2,spring
773,2055,5,q2,spring
774,2055,6,q2,summer
775,2055,7,q3,summer
776,2055,8,q3,summer
777,2055,9,q3,fall
778,2055,10,q4,fall
779,2055,11,q4,fall
780,2055,12,q4,winter
781,2056,1,q1,winter
782,2056,2,q1,winter
783,2056,3,q1,spring
784,2056,4,q2,spring
785,2056,5,q2,spring
786,2056,6,q2,summer
787,2056,7,q3,summer
788,2056,8,q3,summer
789,2056,9,q3,fall
790,2056,10,q4,fall
791,2056,11,q4,fall
792,2056,12,q4,winter
793,2057,1,q1,winter
794,2057,2,q1,winter
795,2057,3,q1,spring
796,2057,4,q2,spring
797,2057,5,q2,spring
798,2057,6,q2,summer
799,2057,7,q3,summer
800,2057,8,q3,summer
801,2057,9,q3,fall
802,2057,10,q4,fall
803,2057,11,q4,fall
804,2057,12,q4,winter
805,2058,1,q1,winter
806,2058,2,q1,winter
807,2058,3,q1,spring
808,2058,4,q2,spring
809,2058,5,q2,spring
810,2058,6,q2,summer
811,2058,7,q3,summer
812,2058,8,q3,summer
813,2058,9,q3,fall
814,2058,10,q4,fall
815,2058,11,q4,fall
816,2058,12,q4,winter
817,2059,1,q1,winter
818,2059,2,q1,winter
819,2059,3,q1,spring
820,2059,4,q2,spring
821,2059,5,q2,spring
822,2059,6,q2,summer
823,2059,7,q3,summer
824,2059,8,q3,summer
825,2059,9,q3,fall
826,2059,10,q4,fall
827,2059,11,q4,fall
828,2059,12,q4,winter
829,2060,1,q1,winter
830,2060,2,q1,winter
831,2060,3,q1,spring
832,2060,4,q2,spring
833,2060,5,q2,spring
834,2060,6,q2,summer
835,2060,7,q3,summer
836,2060,8,q3,summer
837,2060,9,q3,fall
838,2060,10,q4,fall
839,2060,11,q4,fall
840,2060,12,q4,winter
841,2061,1,q1,winter
842,2061,2,q1,winter
843,2061,3,q1,spring
844,2061,4,q2,spring
845,2061,5,q2,spring
846,2061,6,q2,summer
847,2061,7,q3,summer
848,2061,8,q3,summer
849,2061,9,q3,fall
850,2061,10,q4,fall
851,2061,11,q4,fall
852,2061,12,q4,winter
853,2062,1,q1,winter
854,2062,2,q1,winter
855,2062,3,q1,spring
856,2062,4,q2,spring
857,2062,5,q2,spring
858,2062,6,q2,summer
859,2062,7,q3,summer
860,2062,8,q3,summer
861,2062,9,q3,fall
862,2062,10,q4,fall
863,2062,11,q4,fall
864,2062,12,q4,winter
865,2063,1,q1,winter
866,2063,2,q1,winter
867,2063,3,q1,spring
868,2063,4,q2,spring
869,2063,5,q2,spring
870,2063,6,q2,summer
871,2063,7,q3,summer
872,2063,8,q3,summer
873,2063,9,q3,fall
874,2063,10,q4,fall
875,2063,11,q4,fall
876,2063,12,q4,winter
877,2064,1,q1,winter
878,2064,2,q1,winter
879,2064,3,q1,spring
880,2064,4,q2,spring
881,2064,5,q2,spring
882,2064,6,q2,summer
883,2064,7,q3,summer
884,2064,8,q3,summer
885,2064,9,q3,fall
886,2064,10,q4,fall
887,2064,11,q4,fall
888,2064,12,q4,winter
889,2065,1,q1,winter
890,2065,2,q1,winter
891,2065,3,q1,spring
892,2065,4,q2,spring
893,2065,5,q2,spring
894,2065,6,q2,summer
895,2065,7,q3,summer
896,2065,8,q3,summer
897,2065,9,q3,fall
898,2065,10,q4,fall
899,2065,11,q4,fall
900,2065,12,q4,winter
901,2066,1,q1,winter
902,2066,2,q1,winter
903,2066,3,q1,spring
904,2066,4,q2,spring
905,2066,5,q2,spring
906,2066,6,q2,summer
907,2066,7,q3,summer
908,2066,8,q3,summer
909,2066,9,q3,fall
910,2066,10,q4,fall
911,2066,11,q4,fall
912,2066,12,q4,winter
913,2067,1,q1,winter
914,2067,2,q1,winter
915,2067,3,q1,spring
916,2067,4,q2,spring
917,2067,5,q2,spring
918,2067,6,q2,summer
919,2067,7,q3,summer
920,2067,8,q3,summer
921,2067,9,q3,fall
922,2067,10,q4,fall
923,2067,11,q4,fall
924,2067,12,q4,winter
925,2068,1,q1,winter
926,2068,2,q1,winter
927,2068,3,q1,spring
928,2068,4,q2,spring
929,2068,5,q2,spring
930,2068,6,q2,summer
931,2068,7,q3,summer
932,2068,8,q3,summer
933,2068,9,q3,fall
934,2068,10,q4,fall
935,2068,11,q4,fall
936,2068,12,q4,winter
937,2069,1,q1,winter
938,2069,2,q1,winter
939,2069,3,q1,spring
940,2069,4,q2,spring
941,2069,5,q2,spring
942,2069,6,q2,summer
943,2069,7,q3,summer
944,2069,8,q3,summer
945,2069,9,q3,fall
946,2069,10,q4,fall
947,2069,11,q4,fall
948,2069,12,q4,winter
949,2070,1,q1,winter
950,2070,2,q1,winter
951,2070,3,q1,spring
952,2070,4,q2,spring
953,2070,5,q2,spring
954,2070,6,q2,summer
955,2070,7,q3,summer
956,2070,8,q3,summer
957,2070,9,q3,fall
958,2070,10,q4,fall
959,2070,11,q4,fall
960,2070,12,q4,winter
961,2071,1,q1,winter
962,2071,2,q1,winter
963,2071,3,q1,spring
964,2071,4,q2,spring
965,2071,5,q2,spring
966,2071,6,q2,summer
967,2071,7,q3,summer
968,2071,8,q3,summer
969,2071,9,q3,fall
970,2071,10,q4,fall
971,2071,11,q4,fall
972,2071,12,q4,winter
973,2072,1,q1,winter
974,2072,2,q1,winter
975,2072,3,q1,spring
976,2072,4,q2,spring
977,2072,5,q2,spring
978,2072,6,q2,summer
979,2072,7,q3,summer
980,2072,8,q3,summer
981,2072,9,q3,fall
982,2072,10,q4,fall
983,2072,11,q4,fall
984,2072,12,q4,winter
985,2073,1,q1,winter
986,2073,2,q1,winter
987,2073,3,q1,spring
988,2073,4,q2,spring
989,2073,5,q2,spring
990,2073,6,q2,summer
991,2073,7,q3,summer
992,2073,8,q3,summer
993,2073,9,q3,fall
994,2073,10,q4,fall
995,2073,11,q4,fall
996,2073,12,q4,winter
997,2074,1,q1,winter
998,2074,2,q1,winter
999,2074,3,q1,spring
1000,2074,4,q2,spring
1001,2074,5,q2,spring
1002,2074,6,q2,summer
1003,2074,7,q3,summer
1004,2074,8,q3,summer
1005,2074,9,q3,fall
1006,2074,10,q4,fall
1007,2074,11,q4,fall
1008,2074,12,q4,winter
1009,2075,1,q1,winter
1010,2075,2,q1,winter
1011,2075,3,q1,spring
1012,2075,4,q2,spring
1013,2075,5,q2,spring
1014,2075,6,q2,summer
1015,2075,7,q3,summer
1016,2075,8,q3,summer
1017,2075,9,q3,fall
1018,2075,10,q4,fall
1019,2075,11,q4,fall
1020,2075,12,q4,winter
1021,2076,1,q1,winter
1022,2076,2,q1,winter
1023,2076,3,q1,spring
1024,2076,4,q2,spring
1025,2076,5,q2,spring
1026,2076,6,q2,summer
1027,2076,7,q3,summer
1028,2076,8,q3,summer
1029,2076,9,q3,fall
1030,2076,10,q4,fall
1031,2076,11,q4,fall
1032,2076,12,q4,winter
1033,2077,1,q1,winter
1034,2077,2,q1,winter
1035,2077,3,q1,spring
1036,2077,4,q2,spring
1037,2077,5,q2,spring
1038,2077,6,q2,summer
1039,2077,7,q3,summer
1040,2077,8,q3,summer
1041,2077,9,q3,fall
1042,2077,10,q4,fall
1043,2077,11,q4,fall
1044,2077,12,q4,winter
1045,2078,1,q1,winter
1046,2078,2,q1,winter
1047,2078,3,q1,spring
1048,2078,4,q2,spring
1049,2078,5,q2,spring
1050,2078,6,q2,summer
1051,2078,7,q3,summer
1052,2078,8,q3,summer
1053,2078,9,q3,fall
1054,2078,10,q4,fall
1055,2078,11,q4,fall
1056,2078,12,q4,winter
1057,2079,1,q1,winter
1058,2079,2,q1,winter
1059,2079,3,q1,spring
1060,2079,4,q2,spring
1061,2079,5,q2,spring
1062,2079,6,q2,summer
1063,2079,7,q3,summer
1064,2079,8,q3,summer
1065,2079,9,q3,fall
1066,2079,10,q4,fall
1067,2079,11,q4,fall
1068,2079,12,q4,winter
1069,2080,1,q1,winter
1070,2080,2,q1,winter
1071,2080,3,q1,spring
1072,2080,4,q2,spring
1073,2080,5,q2,spring
1074,2080,6,q2,summer
1075,2080,7,q3,summer
1076,2080,8,q3,summer
1077,2080,9,q3,fall
1078,2080,10,q4,fall
1079,2080,11,q4,fall
1080,2080,12,q4,winter
1081,2081,1,q1,winter
1082,2081,2,q1,winter
1083,2081,3,q1,spring
1084,2081,4,q2,spring
1085,2081,5,q2,spring
1086,2081,6,q2,summer
1087,2081,7,q3,summer
1088,2081,8,q3,summer
1089,2081,9,q3,fall
1090,2081,10,q4,fall
1091,2081,11,q4,fall
1092,2081,12,q4,winter
1093,2082,1,q1,winter
1094,2082,2,q1,winter
1095,2082,3,q1,spring
1096,2082,4,q2,spring
1097,2082,5,q2,spring
1098,2082,6,q2,summer
1099,2082,7,q3,summer
1100,2082,8,q3,summer
1101,2082,9,q3,fall
1102,2082,10,q4,fall
1103,2082,11,q4,fall
1104,2082,12,q4,winter
1105,2083,1,q1,winter
1106,2083,2,q1,winter
1107,2083,3,q1,spring
1108,2083,4,q2,spring
1109,2083,5,q2,spring
1110,2083,6,q2,summer
1111,2083,7,q3,summer
1112,2083,8,q3,summer
1113,2083,9,q3,fall
1114,2083,10,q4,fall
1115,2083,11,q4,fall
1116,2083,12,q4,winter
1117,2084,1,q1,winter
1118,2084,2,q1,winter
1119,2084,3,q1,spring
1120,2084,4,q2,spring
1121,2084,5,q2,spring
1122,2084,6,q2,summer
1123,2084,7,q3,summer
1124,2084,8,q3,summer
1125,2084,9,q3,fall
1126,2084,10,q4,fall
1127,2084,11,q4,fall
1128,2084,12,q4,winter
1129,2085,1,q1,winter
1130,2085,2,q1,winter
1131,2085,3,q1,spring
1132,2085,4,q2,spring
1133,2085,5,q2,spring
1134,2085,6,q2,summer
1135,2085,7,q3,summer
1136,2085,8,q3,summer
1137,2085,9,q3,fall
1138,2085,10,q4,fall
1139,2085,11,q4,fall
1140,2085,12,q4,winter
1141,2086,1,q1,winter
1142,2086,2,q1,winter
1143,2086,3,q1,spring
1144,2086,4,q2,spring
1145,2086,5,q2,spring
1146,2086,6,q2,summer
1147,2086,7,q3,summer
1148,2086,8,q3,summer
1149,2086,9,q3,fall
1150,2086,10,q4,fall
1151,2086,11,q4,fall
1152,2086,12,q4,winter
1153,2087,1,q1,winter
1154,2087,2,q1,winter
1155,2087,3,q1,spring
1156,2087,4,q2,spring
1157,2087,5,q2,spring
1158,2087,6,q2,summer
1159,2087,7,q3,summer
1160,2087,8,q3,summer
1161,2087,9,q3,fall
1162,2087,10,q4,fall
1163,2087,11,q4,fall
1164,2087,12,q4,winter
1165,2088,1,q1,winter
1166,2088,2,q1,winter
1167,2088,3,q1,spring
1168,2088,4,q2,spring
1169,2088,5,q2,spring
1170,2088,6,q2,summer
1171,2088,7,q3,summer
1172,2088,8,q3,summer
1173,2088,9,q3,fall
1174,2088,10,q4,fall
1175,2088,11,q4,fall
1176,2088,12,q4,winter
1177,2089,1,q1,winter
1178,2089,2,q1,winter
1179,2089,3,q1,spring
1180,2089,4,q2,spring
1181,2089,5,q2,spring
1182,2089,6,q2,summer
1183,2089,7,q3,summer
1184,2089,8,q3,summer
1185,2089,9,q3,fall
1186,2089,10,q4,fall
1187,2089,11,q4,fall
1188,2089,12,q4,winter
1189,2090,1,q1,winter
1190,2090,2,q1,winter
1191,2090,3,q1,spring
1192,2090,4,q2,spring
1193,2090,5,q2,spring
1194,2090,6,q2,summer
1195,2090,7,q3,summer
1196,2090,8,q3,summer
1197,2090,9,q3,fall
1198,2090,10,q4,fall
1199,2090,11,q4,fall
1200,2090,12,q4,winter
1201,2091,1,q1,winter
1202,2091,2,q1,winter
1203,2091,3,q1,spring
1204,2091,4,q2,spring
1205,2091,5,q2,spring
1206,2091,6,q2,summer
1207,2091,7,q3,summer
1208,2091,8,q3,summer
1209,2091,9,q3,fall
1210,2091,10,q4,fall
1211,2091,11,q4,fall
1212,2091,12,q4,winter
1213,2092,1,q1,winter
1214,2092,2,q1,winter
1215,2092,3,q1,spring
1216,2092,4,q2,spring
1217,2092,5,q2,spring
1218,2092,6,q2,summer
1219,2092,7,q3,summer
1220,2092,8,q3,summer
1221,2092,9,q3,fall
1222,2092,10,q4,fall
1223,2092,11,q4,fall
1224,2092,12,q4,winter
1225,2093,1,q1,winter
1226,2093,2,q1,winter
1227,2093,3,q1,spring
1228,2093,4,q2,spring
1229,2093,5,q2,spring
1230,2093,6,q2,summer
1231,2093,7,q3,summer
1232,2093,8,q3,summer
1233,2093,9,q3,fall
1234,2093,10,q4,fall
1235,2093,11,q4,fall
1236,2093,12,q4,winter
1237,2094,1,q1,winter
1238,2094,2,q1,winter
1239,2094,3,q1,spring
1240,2094,4,q2,spring
1241,2094,5,q2,spring
1242,2094,6,q2,summer
1243,2094,7,q3,summer
1244,2094,8,q3,summer
1245,2094,9,q3,fall
1246,2094,10,q4,fall
1247,2094,11,q4,fall
1248,2094,12,q4,winter
1249,2095,1,q1,winter
1250,2095,2,q1,winter
1251,2095,3,q1,spring
1252,2095,4,q2,spring
1253,2095,5,q2,spring
1254,2095,6,q2,summer
1255,2095,7,q3,summer
1256,2095,8,q3,summer
1257,2095,9,q3,fall
1258,2095,10,q4,fall
1259,2095,11,q4,fall
1260,2095,12,q4,winter
1261,2096,1,q1,winter
1262,2096,2,q1,winter
1263,2096,3,q1,spring
1264,2096,4,q2,spring
1265,2096,5,q2,spring
1266,2096,6,q2,summer
1267,2096,7,q3,summer
1268,2096,8,q3,summer
1269,2096,9,q3,fall
1270,2096,10,q4,fall
1271,2096,11,q4,fall
1272,2096,12,q4,winter
1273,2097,1,q1,winter
1274,2097,2,q1,winter
1275,2097,3,q1,spring
1276,2097,4,q2,spring
1277,2097,5,q2,spring
1278,2097,6,q2,summer
1279,2097,7,q3,summer
1280,2097,8,q3,summer
1281,2097,9,q3,fall
1282,2097,10,q4,fall
1283,2097,11,q4,fall
1284,2097,12,q4,winter
1285,2098,1,q1,winter
1286,2098,2,q1,winter
1287,2098,3,q1,spring
1288,2098,4,q2,spring
1289,2098,5,q2,spring
1290,2098,6,q2,summer
1291,2098,7,q3,summer
1292,2098,8,q3,summer
1293,2098,9,q3,fall
1294,2098,10,q4,fall
1295,2098,11,q4,fall
1296,2098,12,q4,winter
1297,2099,1,q1,winter
1298,2099,2,q1,winter
1299,2099,3,q1,spring
1300,2099,4,q2,spring
1301,2099,5,q2,spring
1302,2099,6,q2,summer
1303,2099,7,q3,summer
1304,2099,8,q3,summer
1305,2099,9,q3,fall
1306,2099,10,q4,fall
1307,2099,11,q4,fall
1308,2099,12,q4,winter
