YearStart,YearEnd,LocationAbbr,LocationDesc,DataSource,Alcohol_Binge_drinking_frequency_among_adults_aged_ge_18_years_who_binge_drink_Mean,Alcohol_Chronic_liver_disease_mortality_No,Alcohol_Per_capita_consumption_among_persons_aged_ge_14_years_Per_capita_consumption,Cancer_of_the_colon_and_rectum_colorectal_incidence_Avg_Annual_No,Cancer_of_the_colon_and_rectum_colorectal_mortality_Avg_Annual_No,Cancer_of_the_female_breast_mortality_Avg_Annual_No,Cancer_of_the_female_cervix_mortality_Avg_Annual_No,Cancer_of_the_lung_and_bronchus_incidence_Avg_Annual_No,Cancer_of_the_lung_and_bronchus_mortality_Avg_Annual_No,Cancer_of_the_oral_cavity_and_pharynx_mortality_Avg_Annual_No,Cancer_of_the_prostate_mortality_Avg_Annual_No,Cancer_Invasive_all_sites_combined_incidence_Avg_Annual_No,Cancer_Invasive_all_sites_combined_mortality_Avg_Annual_No,Cancer_Invasive_of_the_cervix_incidence_Avg_Annual_No,Cancer_Invasive_of_the_female_breast_incidence_Avg_Annual_No,Cancer_Invasive_of_the_oral_cavity_or_pharynx_incidence_Avg_Annual_No,Cancer_Invasive_of_the_prostate_incidence_Avg_Annual_No,Cancer_Invasive_melanoma_incidence_Avg_Annual_No,Cancer_Melanoma_mortality_Avg_Annual_No,Diabetes_Mortality_due_to_diabetes_reported_as_any_listed_cause_of_death_No,Tobacco_Sale_of_cigarette_packs_No
2008,2012,AK,Alaska,Death_certificate,,,,,80,59,7,,258,12,39,,901,,,,,,12,,
2008,2012,AK,Alaska,Statewide_central_cancer_registries,,,,262,,,,350,,,,2633,,25,401,76,349,81,,,
2008,2012,AL,Alabama,Death_certificate,,,,,914,673,80,,3166,148,520,,10235,,,,,,151,,
2008,2012,AL,Alabama,Statewide_central_cancer_registries,,,,2435,,,,4037,,,,24949,,213,3459,710,3707,1128,,,
2008,2012,AR,Arkansas,Death_certificate,,,,,616,408,55,,2148,103,296,,6510,,,,,,93,,
2008,2012,AR,Arkansas,Statewide_central_cancer_registries,,,,1450,,,,2620,,,,14806,,145,1890,421,2227,534,,,
2008,2012,AZ,Arizona,Death_certificate,,,,,936,737,68,,2717,141,571,,10561,,,,,,203,,
2008,2012,AZ,Arizona,Statewide_central_cancer_registries,,,,2465,,,,3713,,,,27067,,218,4036,617,3111,1135,,,
2008,2012,CA,California,Death_certificate,,,,,5185,4319,439,,12878,912,3050,,56250,,,,,,943,,
2008,2012,CA,California,Statewide_central_cancer_registries,,,,14693,,,,17132,,,,156988,,1459,24242,3933,21784,7740,,,
2008,2012,CO,Colorado,Death_certificate,,,,,636,531,41,,1611,95,404,,7012,,,,,,161,,
2008,2012,CO,Colorado,Statewide_central_cancer_registries,,,,1724,,,,2243,,,,21117,,152,3375,524,3235,1113,,,
2008,2012,CT,Connecticut,Death_certificate,,,,,550,492,36,,1751,84,345,,6824,,,,,,106,,
2008,2012,CT,Connecticut,Statewide_central_cancer_registries,,,,1759,,,,2652,,,,20304,,120,3062,473,2730,902,,,
2008,2012,DC,District of Columbia,Death_certificate,,,,,103,97,9,,247,21,74,,1093,,,,,,7,,
2008,2012,DC,District of Columbia,Statewide_central_cancer_registries,,,,259,,,,348,,,,2881,,29,456,73,483,49,,,
2008,2012,DE,Delaware,Death_certificate,,,,,152,128,13,,569,29,92,,1895,,,,,,29,,
2008,2012,DE,Delaware,Statewide_central_cancer_registries,,,,413,,,,756,,,,5167,,43,705,125,792,293,,,
2008,2012,FL,Florida,Death_certificate,,,,,3663,2800,311,,11935,665,2086,,41416,,,,,,728,,
2008,2012,FL,Florida,Statewide_central_cancer_registries,,,,9715,,,,16413,,,,105922,,929,14382,3109,14094,4692,,,
2008,2012,GA,Georgia,Death_certificate,,,,,1399,1178,139,,4472,235,750,,15363,,,,,,217,,
2008,2012,GA,Georgia,Statewide_central_cancer_registries,,,,3916,,,,6264,,,,43274,,403,6404,1154,6560,2194,,,
2008,2012,HI,Hawaii,Death_certificate,,,,,218,126,14,,537,42,105,,2253,,,,,,24,,
2008,2012,HI,Hawaii,Statewide_central_cancer_registries,,,,730,,,,767,,,,6617,,53,1054,187,785,316,,,
2008,2012,IA,Iowa,Death_certificate,,,,,635,423,33,,1754,81,320,,6390,,,,,,106,,
2008,2012,IA,Iowa,Statewide_central_cancer_registries,,,,1723,,,,2393,,,,16935,,106,2278,430,2156,798,,,
2008,2012,ID,Idaho,Death_certificate,,,,,219,177,15,,625,41,160,,2529,,,,,,55,,
2008,2012,ID,Idaho,Statewide_central_cancer_registries,,,,615,,,,844,,,,7233,,47,998,206,1147,405,,,
2008,2012,IL,Illinois,Death_certificate,,,,,2273,1773,185,,6684,334,1161,,24224,,,,,,328,,
2008,2012,IL,Illinois,Statewide_central_cancer_registries,,,,6364,,,,9344,,,,64674,,554,9349,1636,8778,2399,,,
2008,2012,IN,Indiana,Death_certificate,,,,,1175,890,88,,4038,170,588,,13188,,,,,,215,,
2008,2012,IN,Indiana,Statewide_central_cancer_registries,,,,3154,,,,5285,,,,31822,,253,4464,825,3610,1223,,,
2008,2012,KS,Kansas,Death_certificate,,,,,492,369,29,,1528,64,248,,5372,,,,,,93,,
2008,2012,KS,Kansas,Statewide_central_cancer_registries,,,,1351,,,,1957,,,,14394,,98,1996,347,2088,712,,,
2008,2012,KY,Kentucky,Death_certificate,,,,,858,604,74,,3442,139,373,,9780,,,,,,151,,
2008,2012,KY,Kentucky,Statewide_central_cancer_registries,,,,2472,,,,4773,,,,24767,,199,3149,676,2835,1130,,,
2008,2012,LA,Louisiana,Death_certificate,,,,,863,657,73,,2716,157,423,,9208,,,,,,105,,
2008,2012,LA,Louisiana,Statewide_central_cancer_registries,,,,2384,,,,3483,,,,23244,,216,3131,624,3642,714,,,
2008,2012,MA,Massachusetts,Death_certificate,,,,,1107,877,57,,3510,191,614,,12979,,,,,,219,,
2008,2012,MA,Massachusetts,Statewide_central_cancer_registries,,,,3043,,,,5054,,,,36128,,194,5474,900,4762,1590,,,
2008,2012,MD,Maryland,Death_certificate,,,,,934,822,72,,2779,145,513,,10363,,,,,,160,,
2008,2012,MD,Maryland,Statewide_central_cancer_registries,,,,2379,,,,3669,,,,27959,,212,4418,669,4133,1272,,,
2008,2012,ME,Maine,Death_certificate,,,,,262,184,14,,936,47,144,,3180,,,,,,51,,
2008,2012,ME,Maine,Statewide_central_cancer_registries,,,,700,,,,1300,,,,8219,,45,1115,213,1017,370,,,
2008,2012,MI,Michigan,Death_certificate,,,,,1767,1449,118,,5906,289,908,,20401,,,,,,275,,
2008,2012,MI,Michigan,Statewide_central_cancer_registries,,,,4596,,,,7837,,,,53069,,354,7251,1323,7983,2053,,,
2008,2012,MN,Minnesota,Death_certificate,,,,,820,650,43,,2371,117,525,,9510,,,,,,144,,
2008,2012,MN,Minnesota,Statewide_central_cancer_registries,,,,2357,,,,3154,,,,26838,,163,3945,688,4019,1530,,,
2008,2012,MO,Missouri,Death_certificate,,,,,1147,884,87,,3904,172,532,,12602,,,,,,208,,
2008,2012,MO,Missouri,Statewide_central_cancer_registries,,,,3023,,,,5236,,,,30947,,261,4500,798,3726,1177,,,
2008,2012,MS,Mississippi,Death_certificate,,,,,617,427,55,,1944,119,326,,6268,,,,,,71,,
2008,2012,MS,Mississippi,Statewide_central_cancer_registries,,,,1596,,,,2495,,,,15016,,150,1989,423,2235,538,,,
2008,2012,MT,Montana,Death_certificate,,,,,173,130,9,,515,25,119,,1935,,,,,,36,,
2008,2012,MT,Montana,Statewide_central_cancer_registries,,,,496,,,,707,,,,5402,,35,759,143,830,268,,,
2008,2012,NC,North Carolina,Death_certificate,,,,,1496,1275,114,,5454,272,873,,17943,,,,,,296,,
2008,2012,NC,North Carolina,Statewide_central_cancer_registries,,,,4067,,,,7438,,,,48209,,359,7126,1304,6812,2302,,,
2008,2012,ND,North Dakota,Death_certificate,,,,,133,89,5,,325,16,78,,1288,,,,,,17,,
2008,2012,ND,North Dakota,Statewide_central_cancer_registries,,,,374,,,,433,,,,3457,,21,475,86,534,158,,,
2008,2012,NE,Nebraska,Death_certificate,,,,,353,224,19,,893,51,186,,3408,,,,,,63,,
2008,2012,NE,Nebraska,Statewide_central_cancer_registries,,,,933,,,,1185,,,,8913,,61,1283,225,1190,356,,,
2008,2012,NH,New Hampshire,Death_certificate,,,,,218,172,13,,735,37,122,,2613,,,,,,42,,
2008,2012,NH,New Hampshire,Statewide_central_cancer_registries,,,,601,,,,1043,,,,7563,,36,1102,180,1086,400,,,
2008,2012,NJ,New Jersey,Death_certificate,,,,,1635,1357,124,,4153,209,786,,16684,,,,,,245,,
2008,2012,NJ,New Jersey,Statewide_central_cancer_registries,,,,4412,,,,5901,,,,48094,,392,6960,1025,7135,2093,,,
2008,2012,NM,New Mexico,Death_certificate,,,,,327,247,24,,738,53,193,,3341,,,,,,60,,
2008,2012,NM,New Mexico,Statewide_central_cancer_registries,,,,808,,,,964,,,,8765,,78,1332,223,1227,406,,,
2008,2012,NV,Nevada,Death_certificate,,,,,443,330,31,,1308,65,221,,4522,,,,,,80,,
2008,2012,NV,Nevada,Statewide_central_cancer_registries,,,,,,,,,,,,,,,,,,,,,
2008,2012,NY,New York,Death_certificate,,,,,3319,2676,267,,9122,483,1744,,35469,,,,,,484,,
2008,2012,NY,New York,Statewide_central_cancer_registries,,,,9356,,,,13627,,,,105528,,860,14998,2312,15275,3717,,,
2008,2012,OH,Ohio,Death_certificate,,,,,2292,1786,170,,7423,346,1157,,25126,,,,,,391,,
2008,2012,OH,Ohio,Statewide_central_cancer_registries,,,,5738,,,,9603,,,,60814,,458,8541,1449,7954,2491,,,
2008,2012,OK,Oklahoma,Death_certificate,,,,,720,521,64,,2423,112,361,,7833,,,,,,130,,
2008,2012,OK,Oklahoma,Statewide_central_cancer_registries,,,,1800,,,,3049,,,,18555,,178,2590,546,2508,654,,,
2008,2012,OR,Oregon,Death_certificate,,,,,659,509,42,,2076,106,424,,7648,,,,,,147,,
2008,2012,OR,Oregon,Statewide_central_cancer_registries,,,,1680,,,,2689,,,,19772,,134,2976,495,2673,1140,,,
2008,2012,PA,Pennsylvania,Death_certificate,,,,,2721,2081,166,,7781,354,1370,,28940,,,,,,459,,
2008,2012,PA,Pennsylvania,Statewide_central_cancer_registries,,,,7166,,,,10628,,,,75907,,535,10471,1780,9799,3045,,,
2008,2012,RI,Rhode Island,Death_certificate,,,,,198,142,9,,629,25,106,,2206,,,,,,32,,
2008,2012,RI,Rhode Island,Statewide_central_cancer_registries,,,,505,,,,871,,,,5956,,36,855,135,748,252,,,
2008,2012,SC,South Carolina,Death_certificate,,,,,825,662,72,,2782,154,472,,9390,,,,,,135,,
2008,2012,SC,South Carolina,Statewide_central_cancer_registries,,,,2113,,,,3683,,,,23853,,196,3507,648,3478,1144,,,
2008,2012,SD,South Dakota,Death_certificate,,,,,156,110,9,,431,20,85,,1605,,,,,,22,,
2008,2012,SD,South Dakota,Statewide_central_cancer_registries,,,,440,,,,545,,,,4109,,26,596,108,585,167,,,
2008,2012,TN,Tennessee,Death_certificate,,,,,1218,883,98,,4356,217,577,,13513,,,,,,213,,
2008,2012,TN,Tennessee,Statewide_central_cancer_registries,,,,3039,,,,5579,,,,33308,,292,4598,886,4587,1431,,,
2008,2012,TX,Texas,Death_certificate,,,,,3442,2657,347,,9622,592,1618,,36703,,,,,,544,,
2008,2012,TX,Texas,Statewide_central_cancer_registries,,,,9276,,,,13037,,,,97492,,1145,14301,2571,12498,3025,,,
2008,2012,US,United States,Death_certificate,,,,,52010,40868,4004,,157859,8399,28067,,573421,,,,,,9071,,
2008,2012,US,United States,Statewide_central_cancer_registries,,,,140433,,,,213812,,,,1526274,,12476,220205,38716,210297,65719,,,
2008,2012,UT,Utah,Death_certificate,,,,,244,239,15,,429,33,196,,2696,,,,,,79,,
2008,2012,UT,Utah,Statewide_central_cancer_registries,,,,717,,,,610,,,,9205,,62,1318,185,1642,742,,,
2008,2012,VA,Virginia,Death_certificate,,,,,1236,1063,84,,3989,195,683,,14170,,,,,,239,,
2008,2012,VA,Virginia,Statewide_central_cancer_registries,,,,3203,,,,5296,,,,36411,,267,5724,909,5141,1535,,,
2008,2012,VT,Vermont,Death_certificate,,,,,111,79,5,,376,20,67,,1319,,,,,,23,,
2008,2012,VT,Vermont,Statewide_central_cancer_registries,,,,297,,,,519,,,,3549,,16,515,89,464,215,,,
2008,2012,WA,Washington,Death_certificate,,,,,993,791,68,,3168,211,619,,11873,,,,,,209,,
2008,2012,WA,Washington,Statewide_central_cancer_registries,,,,2735,,,,4286,,,,33457,,239,5119,853,4686,1821,,,
2008,2012,WI,Wisconsin,Death_certificate,,,,,956,758,49,,2963,164,605,,11238,,,,,,176,,
2008,2012,WI,Wisconsin,Statewide_central_cancer_registries,,,,2615,,,,3977,,,,29577,,178,4209,758,4049,1284,,,
2008,2012,WV,West Virginia,Death_certificate,,,,,436,292,36,,1514,65,190,,4708,,,,,,76,,
2008,2012,WV,West Virginia,Statewide_central_cancer_registries,,,,1126,,,,2010,,,,11128,,102,1360,285,1319,464,,,
2008,2012,WY,Wyoming,Death_certificate,,,,,89,63,8,,231,17,48,,943,,,,,,18,,
2008,2012,WY,Wyoming,Statewide_central_cancer_registries,,,,233,,,,300,,,,2548,,23,347,69,397,135,,,
2010,2010,AK,Alaska,AEDS,,,3,,,,,,,,,,,,,,,,,,
2010,2010,AK,Alaska,NVSS,,41.6,,,,,,,,,,,,,,,,,,159.2,
2010,2010,AL,Alabama,AEDS,,,2,,,,,,,,,,,,,,,,,,
2010,2010,AL,Alabama,NVSS,,301.2,,,,,,,,,,,,,,,,,,2339.4,
2010,2010,AR,Arkansas,AEDS,,,1.8,,,,,,,,,,,,,,,,,,
2010,2010,AR,Arkansas,NVSS,,194.8,,,,,,,,,,,,,,,,,,1166.166667,
2010,2010,AZ,Arizona,AEDS,,,2.4,,,,,,,,,,,,,,,,,,
2010,2010,AZ,Arizona,NVSS,,431.3333333,,,,,,,,,,,,,,,,,,1108.5,
2010,2010,CA,California,AEDS,,,2.2,,,,,,,,,,,,,,,,,,
2010,2010,CA,California,NVSS,,1607,,,,,,,,,,,,,,,,,,9115.25,
2010,2010,CO,Colorado,AEDS,,,2.7,,,,,,,,,,,,,,,,,,
2010,2010,CO,Colorado,NVSS,,355.2,,,,,,,,,,,,,,,,,,977.8571429,
2010,2010,CT,Connecticut,AEDS,,,2.4,,,,,,,,,,,,,,,,,,
2010,2010,CT,Connecticut,NVSS,,178.4,,,,,,,,,,,,,,,,,,910.1428571,
2010,2010,DC,District of Columbia,AEDS,,,3.8,,,,,,,,,,,,,,,,,,
2010,2010,DC,District of Columbia,NVSS,,44,,,,,,,,,,,,,,,,,,316,
2010,2010,DE,Delaware,AEDS,,,3.1,,,,,,,,,,,,,,,,,,
2010,2010,DE,Delaware,NVSS,,65.75,,,,,,,,,,,,,,,,,,423.8,
2010,2010,FL,Florida,AEDS,,,2.5,,,,,,,,,,,,,,,,,,
2010,2010,FL,Florida,NVSS,,1234,,,,,,,,,,,,,,,,,,4136.375,
2010,2010,GA,Georgia,AEDS,,,2,,,,,,,,,,,,,,,,,,
2010,2010,GA,Georgia,NVSS,,441.6,,,,,,,,,,,,,,,,,,2377.428571,
2010,2010,GU,Guam,AEDS,,,,,,,,,,,,,,,,,,,,,
2010,2010,HI,Hawaii,AEDS,,,2.5,,,,,,,,,,,,,,,,,,
2010,2010,HI,Hawaii,NVSS,,58.8,,,,,,,,,,,,,,,,,,423.3333333,
2010,2010,IA,Iowa,AEDS,,,2.3,,,,,,,,,,,,,,,,,,
2010,2010,IA,Iowa,NVSS,,203.75,,,,,,,,,,,,,,,,,,1338.5,
2010,2010,ID,Idaho,AEDS,,,2.7,,,,,,,,,,,,,,,,,,
2010,2010,ID,Idaho,NVSS,,109.25,,,,,,,,,,,,,,,,,,628,
2010,2010,IL,Illinois,AEDS,,,2.3,,,,,,,,,,,,,,,,,,
2010,2010,IL,Illinois,NVSS,,480,,,,,,,,,,,,,,,,,,3439.714286,
2010,2010,IN,Indiana,AEDS,,,2,,,,,,,,,,,,,,,,,,
2010,2010,IN,Indiana,NVSS,,315.8333333,,,,,,,,,,,,,,,,,,2288.833333,
2010,2010,KS,Kansas,AEDS,,,2,,,,,,,,,,,,,,,,,,
2010,2010,KS,Kansas,NVSS,,173.25,,,,,,,,,,,,,,,,,,720.25,
2010,2010,KY,Kentucky,AEDS,,,1.8,,,,,,,,,,,,,,,,,,
2010,2010,KY,Kentucky,NVSS,,343,,,,,,,,,,,,,,,,,,2550.4,
2010,2010,LA,Louisiana,AEDS,,,2.5,,,,,,,,,,,,,,,,,,
2010,2010,LA,Louisiana,NVSS,,231.2,,,,,,,,,,,,,,,,,,1374.333333,
2010,2010,MA,Massachusetts,AEDS,,,2.5,,,,,,,,,,,,,,,,,,
2010,2010,MA,Massachusetts,NVSS,,290.8333333,,,,,,,,,,,,,,,,,,1544.428571,
2010,2010,MD,Maryland,AEDS,,,2.2,,,,,,,,,,,,,,,,,,
2010,2010,MD,Maryland,NVSS,,268,,,,,,,,,,,,,,,,,,1818.857143,
2010,2010,ME,Maine,AEDS,,,2.5,,,,,,,,,,,,,,,,,,
2010,2010,ME,Maine,NVSS,,114,,,,,,,,,,,,,,,,,,775,
2010,2010,MI,Michigan,AEDS,,,2.2,,,,,,,,,,,,,,,,,,
2010,2010,MI,Michigan,NVSS,,561.5,,,,,,,,,,,,,,,,,,3181.5,
2010,2010,MN,Minnesota,AEDS,,,2.4,,,,,,,,,,,,,,,,,,
2010,2010,MN,Minnesota,NVSS,,244.4,,,,,,,,,,,,,,,,,,1516.125,
2010,2010,MO,Missouri,AEDS,,,2.4,,,,,,,,,,,,,,,,,,
2010,2010,MO,Missouri,NVSS,,315.2,,,,,,,,,,,,,,,,,,2022.714286,
2010,2010,MS,Mississippi,AEDS,,,2.2,,,,,,,,,,,,,,,,,,
2010,2010,MS,Mississippi,NVSS,,173.6,,,,,,,,,,,,,,,,,,1859.8,
2010,2010,MT,Montana,AEDS,,,2.9,,,,,,,,,,,,,,,,,,
2010,2010,MT,Montana,NVSS,,73.6,,,,,,,,,,,,,,,,,,432.4,
2010,2010,NC,North Carolina,AEDS,,,2,,,,,,,,,,,,,,,,,,
2010,2010,NC,North Carolina,NVSS,,553.6,,,,,,,,,,,,,,,,,,3172,
2010,2010,ND,North Dakota,AEDS,,,2.9,,,,,,,,,,,,,,,,,,
2010,2010,ND,North Dakota,NVSS,,42,,,,,,,,,,,,,,,,,,397.6,
2010,2010,NE,Nebraska,AEDS,,,2.3,,,,,,,,,,,,,,,,,,
2010,2010,NE,Nebraska,NVSS,,114.25,,,,,,,,,,,,,,,,,,836,
2010,2010,NH,New Hampshire,AEDS,,,4.4,,,,,,,,,,,,,,,,,,
2010,2010,NH,New Hampshire,NVSS,,76.5,,,,,,,,,,,,,,,,,,707.75,
2010,2010,NJ,New Jersey,AEDS,,,2.4,,,,,,,,,,,,,,,,,,
2010,2010,NJ,New Jersey,NVSS,,364.1666667,,,,,,,,,,,,,,,,,,2487.285714,
2010,2010,NM,New Mexico,AEDS,,,2.3,,,,,,,,,,,,,,,,,,
2010,2010,NM,New Mexico,NVSS,,187.3333333,,,,,,,,,,,,,,,,,,512.8571429,
2010,2010,NV,Nevada,AEDS,,,3.3,,,,,,,,,,,,,,,,,,
2010,2010,NV,Nevada,NVSS,,184.4,,,,,,,,,,,,,,,,,,379.1428571,
2010,2010,NY,New York,AEDS,,,2.1,,,,,,,,,,,,,,,,,,
2010,2010,NY,New York,NVSS,,611,,,,,,,,,,,,,,,,,,4538.875,
2010,2010,OH,Ohio,AEDS,,,2,,,,,,,,,,,,,,,,,,
2010,2010,OH,Ohio,NVSS,,620.1666667,,,,,,,,,,,,,,,,,,5496.714286,
2010,2010,OK,Oklahoma,AEDS,,,1.9,,,,,,,,,,,,,,,,,,
2010,2010,OK,Oklahoma,NVSS,,247.1666667,,,,,,,,,,,,,,,,,,1479.375,
2010,2010,OR,Oregon,AEDS,,,2.5,,,,,,,,,,,,,,,,,,
2010,2010,OR,Oregon,NVSS,,253.3333333,,,,,,,,,,,,,,,,,,1339.625,
2010,2010,PA,Pennsylvania,AEDS,,,2.2,,,,,,,,,,,,,,,,,,
2010,2010,PA,Pennsylvania,NVSS,,597.5,,,,,,,,,,,,,,,,,,4765.857143,
2010,2010,PR,Puerto Rico,AEDS,,,,,,,,,,,,,,,,,,,,,
2010,2010,RI,Rhode Island,AEDS,,,2.6,,,,,,,,,,,,,,,,,,
2010,2010,RI,Rhode Island,NVSS,,89,,,,,,,,,,,,,,,,,,412.1666667,
2010,2010,SC,South Carolina,AEDS,,,2.3,,,,,,,,,,,,,,,,,,
2010,2010,SC,South Carolina,NVSS,,340.8,,,,,,,,,,,,,,,,,,1886.666667,
2010,2010,SD,South Dakota,AEDS,,,2.7,,,,,,,,,,,,,,,,,,
2010,2010,SD,South Dakota,NVSS,,50.6,,,,,,,,,,,,,,,,,,476.2,
2010,2010,TN,Tennessee,AEDS,,,1.9,,,,,,,,,,,,,,,,,,
2010,2010,TN,Tennessee,NVSS,,437.6,,,,,,,,,,,,,,,,,,2492.142857,
2010,2010,TX,Texas,AEDS,,,2.2,,,,,,,,,,,,,,,,,,
2010,2010,TX,Texas,NVSS,,1229,,,,,,,,,,,,,,,,,,5464.25,
2010,2010,US,United States,AEDS,,,2.3,,,,,,,,,,,,,,,,,,
2010,2010,US,United States,NVSS,,31903,,,,,,,,,,,,,,,,,,213465,
2010,2010,UT,Utah,AEDS,,,1.4,,,,,,,,,,,,,,,,,,
2010,2010,UT,Utah,NVSS,,97,,,,,,,,,,,,,,,,,,494,
2010,2010,VA,Virginia,AEDS,,,2.1,,,,,,,,,,,,,,,,,,
2010,2010,VA,Virginia,NVSS,,344.6666667,,,,,,,,,,,,,,,,,,2048.428571,
2010,2010,VI,Virgin Islands,AEDS,,,,,,,,,,,,,,,,,,,,,
2010,2010,VT,Vermont,AEDS,,,2.7,,,,,,,,,,,,,,,,,,
2010,2010,VT,Vermont,NVSS,,41.25,,,,,,,,,,,,,,,,,,521.25,
2010,2010,WA,Washington,AEDS,,,2.2,,,,,,,,,,,,,,,,,,
2010,2010,WA,Washington,NVSS,,387.3333333,,,,,,,,,,,,,,,,,,1898.625,
2010,2010,WI,Wisconsin,AEDS,,,2.8,,,,,,,,,,,,,,,,,,
2010,2010,WI,Wisconsin,NVSS,,309.6,,,,,,,,,,,,,,,,,,1650.625,
2010,2010,WV,West Virginia,AEDS,,,1.8,,,,,,,,,,,,,,,,,,
2010,2010,WV,West Virginia,NVSS,,181,,,,,,,,,,,,,,,,,,1543,
2010,2010,WY,Wyoming,AEDS,,,2.6,,,,,,,,,,,,,,,,,,
2010,2010,WY,Wyoming,NVSS,,52.25,,,,,,,,,,,,,,,,,,195.8,
2011,2011,AK,Alaska,NVSS,,58.4,,,,,,,,,,,,,,,,,,154.5,
2011,2011,AL,Alabama,NVSS,,329,,,,,,,,,,,,,,,,,,2276.2,
2011,2011,AR,Arkansas,NVSS,,190.4,,,,,,,,,,,,,,,,,,1207.166667,
2011,2011,AZ,Arizona,NVSS,,476,,,,,,,,,,,,,,,,,,1367.375,
2011,2011,CA,California,NVSS,,1711.75,,,,,,,,,,,,,,,,,,9269.875,
2011,2011,CO,Colorado,NVSS,,395.8,,,,,,,,,,,,,,,,,,901.375,
2011,2011,CT,Connecticut,NVSS,,183.4,,,,,,,,,,,,,,,,,,1022.166667,
2011,2011,DC,District of Columbia,NVSS,,33.66666667,,,,,,,,,,,,,,,,,,334,
2011,2011,DE,Delaware,NVSS,,64.75,,,,,,,,,,,,,,,,,,429.4,
2011,2011,FL,Florida,NVSS,,1107.571429,,,,,,,,,,,,,,,,,,4108,
2011,2011,GA,Georgia,NVSS,,382.3333333,,,,,,,,,,,,,,,,,,2441.428571,
2011,2011,HI,Hawaii,NVSS,,77.4,,,,,,,,,,,,,,,,,,451.3333333,
2011,2011,IA,Iowa,NVSS,,178,,,,,,,,,,,,,,,,,,1385.5,
2011,2011,ID,Idaho,NVSS,,124,,,,,,,,,,,,,,,,,,575.1666667,
2011,2011,IL,Illinois,NVSS,,567.3333333,,,,,,,,,,,,,,,,,,3438.714286,
2011,2011,IN,Indiana,NVSS,,403,,,,,,,,,,,,,,,,,,2745.5,
2011,2011,KS,Kansas,NVSS,,185.75,,,,,,,,,,,,,,,,,,833.7142857,
2011,2011,KY,Kentucky,NVSS,,281.4,,,,,,,,,,,,,,,,,,2579.2,
2011,2011,LA,Louisiana,NVSS,,229.4,,,,,,,,,,,,,,,,,,1439.166667,
2011,2011,MA,Massachusetts,NVSS,,345.2,,,,,,,,,,,,,,,,,,1519,
2011,2011,MD,Maryland,NVSS,,274.8,,,,,,,,,,,,,,,,,,1804.428571,
2011,2011,ME,Maine,NVSS,,117,,,,,,,,,,,,,,,,,,731.5,
2011,2011,MI,Michigan,NVSS,,579.5,,,,,,,,,,,,,,,,,,3278.25,
2011,2011,MN,Minnesota,NVSS,,318.5,,,,,,,,,,,,,,,,,,1682.75,
2011,2011,MO,Missouri,NVSS,,306.4,,,,,,,,,,,,,,,,,,1883.857143,
2011,2011,MS,Mississippi,NVSS,,201.8,,,,,,,,,,,,,,,,,,1564,
2011,2011,MT,Montana,NVSS,,75.8,,,,,,,,,,,,,,,,,,476.4,
2011,2011,NC,North Carolina,NVSS,,611.2,,,,,,,,,,,,,,,,,,3183.875,
2011,2011,ND,North Dakota,NVSS,,50.2,,,,,,,,,,,,,,,,,,392.2,
2011,2011,NE,Nebraska,NVSS,,89.75,,,,,,,,,,,,,,,,,,742.4285714,
2011,2011,NH,New Hampshire,NVSS,,113.5,,,,,,,,,,,,,,,,,,720.75,
2011,2011,NJ,New Jersey,NVSS,,389.5,,,,,,,,,,,,,,,,,,2584.714286,
2011,2011,NM,New Mexico,NVSS,,233.1666667,,,,,,,,,,,,,,,,,,484.1428571,
2011,2011,NV,Nevada,NVSS,,183.4,,,,,,,,,,,,,,,,,,438.8571429,
2011,2011,NY,New York,NVSS,,638.2857143,,,,,,,,,,,,,,,,,,4683,
2011,2011,OH,Ohio,NVSS,,654.1666667,,,,,,,,,,,,,,,,,,5410,
2011,2011,OK,Oklahoma,NVSS,,259.8333333,,,,,,,,,,,,,,,,,,1560.25,
2011,2011,OR,Oregon,NVSS,,270.5,,,,,,,,,,,,,,,,,,1425,
2011,2011,PA,Pennsylvania,NVSS,,605.6666667,,,,,,,,,,,,,,,,,,4873.571429,
2011,2011,RI,Rhode Island,NVSS,,101.75,,,,,,,,,,,,,,,,,,375.6666667,
2011,2011,SC,South Carolina,NVSS,,345.2,,,,,,,,,,,,,,,,,,1787.166667,
2011,2011,SD,South Dakota,NVSS,,61.2,,,,,,,,,,,,,,,,,,511,
2011,2011,TN,Tennessee,NVSS,,462.2,,,,,,,,,,,,,,,,,,2866.333333,
2011,2011,TX,Texas,NVSS,,1322,,,,,,,,,,,,,,,,,,6371,
2011,2011,US,United States,NVSS,,33642,,,,,,,,,,,,,,,,,,218051,
2011,2011,UT,Utah,NVSS,,103.6,,,,,,,,,,,,,,,,,,625.3333333,
2011,2011,VA,Virginia,NVSS,,438.2,,,,,,,,,,,,,,,,,,2030.857143,
2011,2011,VT,Vermont,NVSS,,55,,,,,,,,,,,,,,,,,,541.5,
2011,2011,WA,Washington,NVSS,,328.5714286,,,,,,,,,,,,,,,,,,2059.75,
2011,2011,WI,Wisconsin,NVSS,,257.6666667,,,,,,,,,,,,,,,,,,1674,
2011,2011,WV,West Virginia,NVSS,,207.5,,,,,,,,,,,,,,,,,,1496.2,
2011,2011,WY,Wyoming,NVSS,,59.75,,,,,,,,,,,,,,,,,,208.6,
2012,2012,AK,Alaska,BRFSS,3.9,,,,,,,,,,,,,,,,,,,,
2012,2012,AK,Alaska,NVSS,,52.6,,,,,,,,,,,,,,,,,,174.8333333,
2012,2012,AL,Alabama,BRFSS,4.6,,,,,,,,,,,,,,,,,,,,
2012,2012,AL,Alabama,NVSS,,371.4,,,,,,,,,,,,,,,,,,1841.166667,
2012,2012,AR,Arkansas,BRFSS,4.9,,,,,,,,,,,,,,,,,,,,
2012,2012,AR,Arkansas,NVSS,,194.2,,,,,,,,,,,,,,,,,,1207.833333,
2012,2012,AZ,Arizona,BRFSS,3.7,,,,,,,,,,,,,,,,,,,,
2012,2012,AZ,Arizona,NVSS,,430.1428571,,,,,,,,,,,,,,,,,,1368.125,
2012,2012,CA,California,BRFSS,3.6,,,,,,,,,,,,,,,,,,,,
2012,2012,CA,California,NVSS,,1754,,,,,,,,,,,,,,,,,,9271.375,
2012,2012,CO,Colorado,BRFSS,3.8,,,,,,,,,,,,,,,,,,,,
2012,2012,CO,Colorado,NVSS,,388,,,,,,,,,,,,,,,,,,1000.714286,
2012,2012,CT,Connecticut,BRFSS,4,,,,,,,,,,,,,,,,,,,,
2012,2012,CT,Connecticut,NVSS,,197.4,,,,,,,,,,,,,,,,,,840.4285714,
2012,2012,DC,District of Columbia,BRFSS,3.8,,,,,,,,,,,,,,,,,,,,
2012,2012,DC,District of Columbia,NVSS,,34.75,,,,,,,,,,,,,,,,,,308,
2012,2012,DE,Delaware,BRFSS,4.4,,,,,,,,,,,,,,,,,,,,
2012,2012,DE,Delaware,NVSS,,53.75,,,,,,,,,,,,,,,,,,399.2,
2012,2012,FL,Florida,BRFSS,4.9,,,,,,,,,,,,,,,,,,,,
2012,2012,FL,Florida,NVSS,,1287,,,,,,,,,,,,,,,,,,4344.5,
2012,2012,GA,Georgia,BRFSS,4.4,,,,,,,,,,,,,,,,,,,,
2012,2012,GA,Georgia,NVSS,,516.8,,,,,,,,,,,,,,,,,,2440.857143,
2012,2012,GU,Guam,BRFSS,4.1,,,,,,,,,,,,,,,,,,,,
2012,2012,HI,Hawaii,BRFSS,5.1,,,,,,,,,,,,,,,,,,,,
2012,2012,HI,Hawaii,NVSS,,78.6,,,,,,,,,,,,,,,,,,445,
2012,2012,IA,Iowa,BRFSS,3.9,,,,,,,,,,,,,,,,,,,,
2012,2012,IA,Iowa,NVSS,,213.5,,,,,,,,,,,,,,,,,,1422.333333,
2012,2012,ID,Idaho,BRFSS,4.4,,,,,,,,,,,,,,,,,,,,
2012,2012,ID,Idaho,NVSS,,140.75,,,,,,,,,,,,,,,,,,542.5,
2012,2012,IL,Illinois,BRFSS,4.1,,,,,,,,,,,,,,,,,,,,
2012,2012,IL,Illinois,NVSS,,589.8333333,,,,,,,,,,,,,,,,,,3407.428571,
2012,2012,IN,Indiana,BRFSS,4.3,,,,,,,,,,,,,,,,,,,,
2012,2012,IN,Indiana,NVSS,,370.8333333,,,,,,,,,,,,,,,,,,2884,
2012,2012,KS,Kansas,BRFSS,4.7,,,,,,,,,,,,,,,,,,,,
2012,2012,KS,Kansas,NVSS,,179.75,,,,,,,,,,,,,,,,,,784.5714286,
2012,2012,KY,Kentucky,BRFSS,5.3,,,,,,,,,,,,,,,,,,,,
2012,2012,KY,Kentucky,NVSS,,326.2,,,,,,,,,,,,,,,,,,2647.8,
2012,2012,LA,Louisiana,BRFSS,5,,,,,,,,,,,,,,,,,,,,
2012,2012,LA,Louisiana,NVSS,,257.8,,,,,,,,,,,,,,,,,,1585.333333,
2012,2012,MA,Massachusetts,BRFSS,4.4,,,,,,,,,,,,,,,,,,,,
2012,2012,MA,Massachusetts,NVSS,,308.8333333,,,,,,,,,,,,,,,,,,1445.714286,
2012,2012,MD,Maryland,BRFSS,4.1,,,,,,,,,,,,,,,,,,,,
2012,2012,MD,Maryland,NVSS,,267,,,,,,,,,,,,,,,,,,1690.428571,
2012,2012,ME,Maine,BRFSS,4.2,,,,,,,,,,,,,,,,,,,,
2012,2012,ME,Maine,NVSS,,111,,,,,,,,,,,,,,,,,,760.75,
2012,2012,MI,Michigan,BRFSS,4.3,,,,,,,,,,,,,,,,,,,,
2012,2012,MI,Michigan,NVSS,,565.5,,,,,,,,,,,,,,,,,,3282.375,
2012,2012,MN,Minnesota,BRFSS,3.6,,,,,,,,,,,,,,,,,,,,
2012,2012,MN,Minnesota,NVSS,,289.8,,,,,,,,,,,,,,,,,,1687.5,
2012,2012,MO,Missouri,BRFSS,4.4,,,,,,,,,,,,,,,,,,,,
2012,2012,MO,Missouri,NVSS,,341.8,,,,,,,,,,,,,,,,,,1881.571429,
2012,2012,MS,Mississippi,BRFSS,4.8,,,,,,,,,,,,,,,,,,,,
2012,2012,MS,Mississippi,NVSS,,180,,,,,,,,,,,,,,,,,,1575.666667,
2012,2012,MT,Montana,BRFSS,4.5,,,,,,,,,,,,,,,,,,,,
2012,2012,MT,Montana,NVSS,,88.2,,,,,,,,,,,,,,,,,,427,
2012,2012,NC,North Carolina,BRFSS,4.4,,,,,,,,,,,,,,,,,,,,
2012,2012,NC,North Carolina,NVSS,,645,,,,,,,,,,,,,,,,,,3313.5,
2012,2012,ND,North Dakota,BRFSS,3.9,,,,,,,,,,,,,,,,,,,,
2012,2012,ND,North Dakota,NVSS,,49.4,,,,,,,,,,,,,,,,,,387.4,
2012,2012,NE,Nebraska,BRFSS,4.2,,,,,,,,,,,,,,,,,,,,
2012,2012,NE,Nebraska,NVSS,,123,,,,,,,,,,,,,,,,,,836.8333333,
2012,2012,NH,New Hampshire,BRFSS,4.5,,,,,,,,,,,,,,,,,,,,
2012,2012,NH,New Hampshire,NVSS,,90.75,,,,,,,,,,,,,,,,,,716,
2012,2012,NJ,New Jersey,BRFSS,3.5,,,,,,,,,,,,,,,,,,,,
2012,2012,NJ,New Jersey,NVSS,,357.3333333,,,,,,,,,,,,,,,,,,2546,
2012,2012,NM,New Mexico,BRFSS,4.3,,,,,,,,,,,,,,,,,,,,
2012,2012,NM,New Mexico,NVSS,,219.8333333,,,,,,,,,,,,,,,,,,507.7142857,
2012,2012,NV,Nevada,BRFSS,4.6,,,,,,,,,,,,,,,,,,,,
2012,2012,NV,Nevada,NVSS,,226.8,,,,,,,,,,,,,,,,,,430.5,
2012,2012,NY,New York,BRFSS,3.6,,,,,,,,,,,,,,,,,,,,
2012,2012,NY,New York,NVSS,,639.8571429,,,,,,,,,,,,,,,,,,4628.125,
2012,2012,OH,Ohio,BRFSS,4.3,,,,,,,,,,,,,,,,,,,,
2012,2012,OH,Ohio,NVSS,,657.8333333,,,,,,,,,,,,,,,,,,5349.285714,
2012,2012,OK,Oklahoma,BRFSS,4.6,,,,,,,,,,,,,,,,,,,,
2012,2012,OK,Oklahoma,NVSS,,255.1428571,,,,,,,,,,,,,,,,,,1704.125,
2012,2012,OR,Oregon,BRFSS,4.4,,,,,,,,,,,,,,,,,,,,
2012,2012,OR,Oregon,NVSS,,312.4,,,,,,,,,,,,,,,,,,1441.5,
2012,2012,PA,Pennsylvania,BRFSS,4.2,,,,,,,,,,,,,,,,,,,,
2012,2012,PA,Pennsylvania,NVSS,,614.8333333,,,,,,,,,,,,,,,,,,4663,
2012,2012,PR,Puerto Rico,BRFSS,4,,,,,,,,,,,,,,,,,,,,
2012,2012,RI,Rhode Island,BRFSS,4,,,,,,,,,,,,,,,,,,,,
2012,2012,RI,Rhode Island,NVSS,,102,,,,,,,,,,,,,,,,,,434,
2012,2012,SC,South Carolina,BRFSS,4.6,,,,,,,,,,,,,,,,,,,,
2012,2012,SC,South Carolina,NVSS,,341.6,,,,,,,,,,,,,,,,,,1873.5,
2012,2012,SD,South Dakota,BRFSS,4,,,,,,,,,,,,,,,,,,,,
2012,2012,SD,South Dakota,NVSS,,67.8,,,,,,,,,,,,,,,,,,469.6,
2012,2012,TN,Tennessee,BRFSS,4.3,,,,,,,,,,,,,,,,,,,,
2012,2012,TN,Tennessee,NVSS,,483.6,,,,,,,,,,,,,,,,,,2567,
2012,2012,TX,Texas,BRFSS,4.6,,,,,,,,,,,,,,,,,,,,
2012,2012,TX,Texas,NVSS,,1409.714286,,,,,,,,,,,,,,,,,,6612.285714,
2012,2012,US,United States,BRFSS,4.2,,,,,,,,,,,,,,,,,,,,
2012,2012,US,United States,NVSS,,34979,,,,,,,,,,,,,,,,,,218897,
2012,2012,UT,Utah,BRFSS,3.9,,,,,,,,,,,,,,,,,,,,
2012,2012,UT,Utah,NVSS,,120.8,,,,,,,,,,,,,,,,,,472.8571429,
2012,2012,VA,Virginia,BRFSS,4,,,,,,,,,,,,,,,,,,,,
2012,2012,VA,Virginia,NVSS,,408.3333333,,,,,,,,,,,,,,,,,,2076.714286,
2012,2012,VI,Virgin Islands,BRFSS,,,,,,,,,,,,,,,,,,,,,
2012,2012,VT,Vermont,BRFSS,3.9,,,,,,,,,,,,,,,,,,,,
2012,2012,VT,Vermont,NVSS,,37.66666667,,,,,,,,,,,,,,,,,,546.75,
2012,2012,WA,Washington,BRFSS,4.2,,,,,,,,,,,,,,,,,,,,
2012,2012,WA,Washington,NVSS,,423.6666667,,,,,,,,,,,,,,,,,,2033.25,
2012,2012,WI,Wisconsin,BRFSS,4.1,,,,,,,,,,,,,,,,,,,,
2012,2012,WI,Wisconsin,NVSS,,281.1666667,,,,,,,,,,,,,,,,,,1660.875,
2012,2012,WV,West Virginia,BRFSS,5.2,,,,,,,,,,,,,,,,,,,,
2012,2012,WV,West Virginia,NVSS,,189.75,,,,,,,,,,,,,,,,,,1417.8,
2012,2012,WY,Wyoming,BRFSS,4.7,,,,,,,,,,,,,,,,,,,,
2012,2012,WY,Wyoming,NVSS,,70.5,,,,,,,,,,,,,,,,,,169.3333333,
2013,2013,AK,Alaska,BRFSS,4.14,,,,,,,,,,,,,,,,,,,,
2013,2013,AK,Alaska,NVSS,,48.2,,,,,,,,,,,,,,,,,,182.8333333,
2013,2013,AK,Alaska,STATE,,,,,,,,,,,,,,,,,,,,,39
2013,2013,AL,Alabama,BRFSS,3.86,,,,,,,,,,,,,,,,,,,,
2013,2013,AL,Alabama,NVSS,,344.4,,,,,,,,,,,,,,,,,,2171.8,
2013,2013,AL,Alabama,STATE,,,,,,,,,,,,,,,,,,,,,64.6
2013,2013,AR,Arkansas,BRFSS,5.06,,,,,,,,,,,,,,,,,,,,
2013,2013,AR,Arkansas,NVSS,,201.8,,,,,,,,,,,,,,,,,,1199.666667,
2013,2013,AR,Arkansas,STATE,,,,,,,,,,,,,,,,,,,,,57.5
2013,2013,AZ,Arizona,BRFSS,5.275,,,,,,,,,,,,,,,,,,,,
2013,2013,AZ,Arizona,NVSS,,528.6666667,,,,,,,,,,,,,,,,,,1477.875,
2013,2013,AZ,Arizona,STATE,,,,,,,,,,,,,,,,,,,,,24.4
2013,2013,CA,California,BRFSS,3.75,,,,,,,,,,,,,,,,,,,,
2013,2013,CA,California,NVSS,,1806.875,,,,,,,,,,,,,,,,,,9543.875,
2013,2013,CA,California,STATE,,,,,,,,,,,,,,,,,,,,,23.9
2013,2013,CO,Colorado,BRFSS,4.24,,,,,,,,,,,,,,,,,,,,
2013,2013,CO,Colorado,NVSS,,304.2857143,,,,,,,,,,,,,,,,,,904.75,
2013,2013,CO,Colorado,STATE,,,,,,,,,,,,,,,,,,,,,38.3
2013,2013,CT,Connecticut,BRFSS,4.1,,,,,,,,,,,,,,,,,,,,
2013,2013,CT,Connecticut,NVSS,,167,,,,,,,,,,,,,,,,,,966.6666667,
2013,2013,CT,Connecticut,STATE,,,,,,,,,,,,,,,,,,,,,31.4
2013,2013,DC,District of Columbia,BRFSS,4,,,,,,,,,,,,,,,,,,,,
2013,2013,DC,District of Columbia,NVSS,,40.66666667,,,,,,,,,,,,,,,,,,266.6,
2013,2013,DC,District of Columbia,STATE,,,,,,,,,,,,,,,,,,,,,18.6
2013,2013,DE,Delaware,BRFSS,3.54,,,,,,,,,,,,,,,,,,,,
2013,2013,DE,Delaware,NVSS,,57.5,,,,,,,,,,,,,,,,,,373.4,
2013,2013,DE,Delaware,STATE,,,,,,,,,,,,,,,,,,,,,77.1
2013,2013,FL,Florida,BRFSS,4.571428571,,,,,,,,,,,,,,,,,,,,
2013,2013,FL,Florida,NVSS,,1325.666667,,,,,,,,,,,,,,,,,,4593.875,
2013,2013,FL,Florida,STATE,,,,,,,,,,,,,,,,,,,,,44.3
2013,2013,GA,Georgia,BRFSS,4.54,,,,,,,,,,,,,,,,,,,,
2013,2013,GA,Georgia,NVSS,,532.6,,,,,,,,,,,,,,,,,,2508.285714,
2013,2013,GA,Georgia,STATE,,,,,,,,,,,,,,,,,,,,,49.9
2013,2013,GU,Guam,BRFSS,4.675,,,,,,,,,,,,,,,,,,,,
2013,2013,GU,Guam,STATE,,,,,,,,,,,,,,,,,,,,,
2013,2013,HI,Hawaii,BRFSS,4.785714286,,,,,,,,,,,,,,,,,,,,
2013,2013,HI,Hawaii,NVSS,,63.6,,,,,,,,,,,,,,,,,,448.3333333,
2013,2013,HI,Hawaii,STATE,,,,,,,,,,,,,,,,,,,,,27
2013,2013,IA,Iowa,BRFSS,4.325,,,,,,,,,,,,,,,,,,,,
2013,2013,IA,Iowa,NVSS,,224.75,,,,,,,,,,,,,,,,,,1409,
2013,2013,IA,Iowa,STATE,,,,,,,,,,,,,,,,,,,,,48.5
2013,2013,ID,Idaho,BRFSS,4.45,,,,,,,,,,,,,,,,,,,,
2013,2013,ID,Idaho,NVSS,,148.5,,,,,,,,,,,,,,,,,,581.3333333,
2013,2013,ID,Idaho,STATE,,,,,,,,,,,,,,,,,,,,,43.1
2013,2013,IL,Illinois,BRFSS,4.12,,,,,,,,,,,,,,,,,,,,
2013,2013,IL,Illinois,NVSS,,636.5,,,,,,,,,,,,,,,,,,3432,
2013,2013,IL,Illinois,STATE,,,,,,,,,,,,,,,,,,,,,31.7
2013,2013,IN,Indiana,BRFSS,4.45,,,,,,,,,,,,,,,,,,,,
2013,2013,IN,Indiana,NVSS,,375.6666667,,,,,,,,,,,,,,,,,,3007,
2013,2013,IN,Indiana,STATE,,,,,,,,,,,,,,,,,,,,,66.9
2013,2013,KS,Kansas,BRFSS,4.085714286,,,,,,,,,,,,,,,,,,,,
2013,2013,KS,Kansas,NVSS,,177.5,,,,,,,,,,,,,,,,,,677.625,
2013,2013,KS,Kansas,STATE,,,,,,,,,,,,,,,,,,,,,41
2013,2013,KY,Kentucky,BRFSS,5.08,,,,,,,,,,,,,,,,,,,,
2013,2013,KY,Kentucky,NVSS,,333,,,,,,,,,,,,,,,,,,2571.8,
2013,2013,KY,Kentucky,STATE,,,,,,,,,,,,,,,,,,,,,93.5
2013,2013,LA,Louisiana,BRFSS,4.66,,,,,,,,,,,,,,,,,,,,
2013,2013,LA,Louisiana,NVSS,,298.8,,,,,,,,,,,,,,,,,,1682.666667,
2013,2013,LA,Louisiana,STATE,,,,,,,,,,,,,,,,,,,,,73.3
2013,2013,MA,Massachusetts,BRFSS,4.114285714,,,,,,,,,,,,,,,,,,,,
2013,2013,MA,Massachusetts,NVSS,,297.5,,,,,,,,,,,,,,,,,,1428.285714,
2013,2013,MA,Massachusetts,STATE,,,,,,,,,,,,,,,,,,,,,32.2
2013,2013,MD,Maryland,BRFSS,4.14,,,,,,,,,,,,,,,,,,,,
2013,2013,MD,Maryland,NVSS,,268.4,,,,,,,,,,,,,,,,,,1743,
2013,2013,MD,Maryland,STATE,,,,,,,,,,,,,,,,,,,,,32.6
2013,2013,ME,Maine,BRFSS,4.275,,,,,,,,,,,,,,,,,,,,
2013,2013,ME,Maine,NVSS,,112.75,,,,,,,,,,,,,,,,,,793.75,
2013,2013,ME,Maine,STATE,,,,,,,,,,,,,,,,,,,,,48.5
2013,2013,MI,Michigan,BRFSS,4.271428571,,,,,,,,,,,,,,,,,,,,
2013,2013,MI,Michigan,NVSS,,582.5,,,,,,,,,,,,,,,,,,3287.625,
2013,2013,MI,Michigan,STATE,,,,,,,,,,,,,,,,,,,,,45.4
2013,2013,MN,Minnesota,BRFSS,3.833333333,,,,,,,,,,,,,,,,,,,,
2013,2013,MN,Minnesota,NVSS,,305.2,,,,,,,,,,,,,,,,,,1701.25,
2013,2013,MN,Minnesota,STATE,,,,,,,,,,,,,,,,,,,,,43.1
2013,2013,MO,Missouri,BRFSS,4.05,,,,,,,,,,,,,,,,,,,,
2013,2013,MO,Missouri,NVSS,,353.8,,,,,,,,,,,,,,,,,,1887.285714,
2013,2013,MO,Missouri,STATE,,,,,,,,,,,,,,,,,,,,,87.4
2013,2013,MS,Mississippi,BRFSS,5.14,,,,,,,,,,,,,,,,,,,,
2013,2013,MS,Mississippi,NVSS,,195,,,,,,,,,,,,,,,,,,1580,
2013,2013,MS,Mississippi,STATE,,,,,,,,,,,,,,,,,,,,,63.9
2013,2013,MT,Montana,BRFSS,3.9,,,,,,,,,,,,,,,,,,,,
2013,2013,MT,Montana,NVSS,,88.6,,,,,,,,,,,,,,,,,,448.8,
2013,2013,MT,Montana,STATE,,,,,,,,,,,,,,,,,,,,,44.3
2013,2013,NC,North Carolina,BRFSS,4.033333333,,,,,,,,,,,,,,,,,,,,
2013,2013,NC,North Carolina,NVSS,,685.2,,,,,,,,,,,,,,,,,,3422.25,
2013,2013,NC,North Carolina,STATE,,,,,,,,,,,,,,,,,,,,,57.5
2013,2013,ND,North Dakota,BRFSS,3.74,,,,,,,,,,,,,,,,,,,,
2013,2013,ND,North Dakota,NVSS,,53.6,,,,,,,,,,,,,,,,,,381.6,
2013,2013,ND,North Dakota,STATE,,,,,,,,,,,,,,,,,,,,,72.5
2013,2013,NE,Nebraska,BRFSS,3.9,,,,,,,,,,,,,,,,,,,,
2013,2013,NE,Nebraska,NVSS,,130.75,,,,,,,,,,,,,,,,,,884.5,
2013,2013,NE,Nebraska,STATE,,,,,,,,,,,,,,,,,,,,,51.2
2013,2013,NH,New Hampshire,BRFSS,4.125,,,,,,,,,,,,,,,,,,,,
2013,2013,NH,New Hampshire,NVSS,,109.5,,,,,,,,,,,,,,,,,,770.25,
2013,2013,NH,New Hampshire,STATE,,,,,,,,,,,,,,,,,,,,,89.6
2013,2013,NJ,New Jersey,BRFSS,3.4,,,,,,,,,,,,,,,,,,,,
2013,2013,NJ,New Jersey,NVSS,,394.3333333,,,,,,,,,,,,,,,,,,2514.428571,
2013,2013,NJ,New Jersey,STATE,,,,,,,,,,,,,,,,,,,,,30.6
2013,2013,NM,New Mexico,BRFSS,4.25,,,,,,,,,,,,,,,,,,,,
2013,2013,NM,New Mexico,NVSS,,224.8333333,,,,,,,,,,,,,,,,,,480.8571429,
2013,2013,NM,New Mexico,STATE,,,,,,,,,,,,,,,,,,,,,26.4
2013,2013,NV,Nevada,BRFSS,4.8,,,,,,,,,,,,,,,,,,,,
2013,2013,NV,Nevada,NVSS,,233.6,,,,,,,,,,,,,,,,,,541.4285714,
2013,2013,NV,Nevada,STATE,,,,,,,,,,,,,,,,,,,,,43.2
2013,2013,NY,New York,BRFSS,3.6,,,,,,,,,,,,,,,,,,,,
2013,2013,NY,New York,NVSS,,661.8571429,,,,,,,,,,,,,,,,,,4665.375,
2013,2013,NY,New York,STATE,,,,,,,,,,,,,,,,,,,,,16.6
2013,2013,OH,Ohio,BRFSS,4.2,,,,,,,,,,,,,,,,,,,,
2013,2013,OH,Ohio,NVSS,,696.6666667,,,,,,,,,,,,,,,,,,5245.428571,
2013,2013,OH,Ohio,STATE,,,,,,,,,,,,,,,,,,,,,54.6
2013,2013,OK,Oklahoma,BRFSS,4.45,,,,,,,,,,,,,,,,,,,,
2013,2013,OK,Oklahoma,NVSS,,248.7142857,,,,,,,,,,,,,,,,,,1803.75,
2013,2013,OK,Oklahoma,STATE,,,,,,,,,,,,,,,,,,,,,67.2
2013,2013,OR,Oregon,BRFSS,4.45,,,,,,,,,,,,,,,,,,,,
2013,2013,OR,Oregon,NVSS,,271.5,,,,,,,,,,,,,,,,,,1527.375,
2013,2013,OR,Oregon,STATE,,,,,,,,,,,,,,,,,,,,,43.3
2013,2013,PA,Pennsylvania,BRFSS,4.616666667,,,,,,,,,,,,,,,,,,,,
2013,2013,PA,Pennsylvania,NVSS,,629.5,,,,,,,,,,,,,,,,,,4705,
2013,2013,PA,Pennsylvania,STATE,,,,,,,,,,,,,,,,,,,,,52.8
2013,2013,PR,Puerto Rico,BRFSS,3.9,,,,,,,,,,,,,,,,,,,,
2013,2013,PR,Puerto Rico,STATE,,,,,,,,,,,,,,,,,,,,,
2013,2013,RI,Rhode Island,BRFSS,4.38,,,,,,,,,,,,,,,,,,,,
2013,2013,RI,Rhode Island,NVSS,,90.5,,,,,,,,,,,,,,,,,,458.3333333,
2013,2013,RI,Rhode Island,STATE,,,,,,,,,,,,,,,,,,,,,35.3
2013,2013,SC,South Carolina,BRFSS,4.36,,,,,,,,,,,,,,,,,,,,
2013,2013,SC,South Carolina,NVSS,,406.2,,,,,,,,,,,,,,,,,,2041.333333,
2013,2013,SC,South Carolina,STATE,,,,,,,,,,,,,,,,,,,,,62
2013,2013,SD,South Dakota,BRFSS,3.9,,,,,,,,,,,,,,,,,,,,
2013,2013,SD,South Dakota,NVSS,,72.6,,,,,,,,,,,,,,,,,,487.8,
2013,2013,SD,South Dakota,STATE,,,,,,,,,,,,,,,,,,,,,42.7
2013,2013,TN,Tennessee,BRFSS,3.275,,,,,,,,,,,,,,,,,,,,
2013,2013,TN,Tennessee,NVSS,,516.4,,,,,,,,,,,,,,,,,,2594,
2013,2013,TN,Tennessee,STATE,,,,,,,,,,,,,,,,,,,,,66.2
2013,2013,TX,Texas,BRFSS,4.55,,,,,,,,,,,,,,,,,,,,
2013,2013,TX,Texas,NVSS,,1459.285714,,,,,,,,,,,,,,,,,,6082.125,
2013,2013,TX,Texas,STATE,,,,,,,,,,,,,,,,,,,,,36.2
2013,2013,US,United States,BRFSS,4.2,,,,,,,,,,,,,,,,,,,,
2013,2013,US,United States,NVSS,,36427,,,,,,,,,,,,,,,,,,223343,
2013,2013,US,United States,STATE,,,,,,,,,,,,,,,,,,,,,
2013,2013,UT,Utah,BRFSS,4.4,,,,,,,,,,,,,,,,,,,,
2013,2013,UT,Utah,NVSS,,112.6,,,,,,,,,,,,,,,,,,584.4285714,
2013,2013,UT,Utah,STATE,,,,,,,,,,,,,,,,,,,,,21.4
2013,2013,VA,Virginia,BRFSS,3.98,,,,,,,,,,,,,,,,,,,,
2013,2013,VA,Virginia,NVSS,,417.6666667,,,,,,,,,,,,,,,,,,2026,
2013,2013,VA,Virginia,STATE,,,,,,,,,,,,,,,,,,,,,69.4
2013,2013,VI,Virgin Islands,BRFSS,,,,,,,,,,,,,,,,,,,,,
2013,2013,VI,Virgin Islands,STATE,,,,,,,,,,,,,,,,,,,,,
2013,2013,VT,Vermont,BRFSS,4.25,,,,,,,,,,,,,,,,,,,,
2013,2013,VT,Vermont,NVSS,,56.25,,,,,,,,,,,,,,,,,,546.75,
2013,2013,VT,Vermont,STATE,,,,,,,,,,,,,,,,,,,,,42.1
2013,2013,WA,Washington,BRFSS,4.15,,,,,,,,,,,,,,,,,,,,
2013,2013,WA,Washington,NVSS,,411.4285714,,,,,,,,,,,,,,,,,,2048.875,
2013,2013,WA,Washington,STATE,,,,,,,,,,,,,,,,,,,,,19.5
2013,2013,WI,Wisconsin,BRFSS,4.2,,,,,,,,,,,,,,,,,,,,
2013,2013,WI,Wisconsin,NVSS,,304.8333333,,,,,,,,,,,,,,,,,,1684.375,
2013,2013,WI,Wisconsin,STATE,,,,,,,,,,,,,,,,,,,,,39.8
2013,2013,WV,West Virginia,BRFSS,5.175,,,,,,,,,,,,,,,,,,,,
2013,2013,WV,West Virginia,NVSS,,218.5,,,,,,,,,,,,,,,,,,1497,
2013,2013,WV,West Virginia,STATE,,,,,,,,,,,,,,,,,,,,,103.1
2013,2013,WY,Wyoming,BRFSS,4.775,,,,,,,,,,,,,,,,,,,,
2013,2013,WY,Wyoming,NVSS,,62.25,,,,,,,,,,,,,,,,,,199,
2013,2013,WY,Wyoming,STATE,,,,,,,,,,,,,,,,,,,,,60.8
2014,2014,AK,Alaska,BRFSS,5.2,,,,,,,,,,,,,,,,,,,,
2014,2014,AK,Alaska,NVSS,,49.2,,,,,,,,,,,,,,,,,,152.5,
2014,2014,AL,Alabama,BRFSS,4.24,,,,,,,,,,,,,,,,,,,,
2014,2014,AL,Alabama,NVSS,,407.4,,,,,,,,,,,,,,,,,,1661,
2014,2014,AR,Arkansas,BRFSS,4.12,,,,,,,,,,,,,,,,,,,,
2014,2014,AR,Arkansas,NVSS,,218.6,,,,,,,,,,,,,,,,,,1230,
2014,2014,AZ,Arizona,BRFSS,4.116666667,,,,,,,,,,,,,,,,,,,,
2014,2014,AZ,Arizona,NVSS,,461.8571429,,,,,,,,,,,,,,,,,,1530.75,
2014,2014,CA,California,BRFSS,3.75,,,,,,,,,,,,,,,,,,,,
2014,2014,CA,California,NVSS,,1877.125,,,,,,,,,,,,,,,,,,9333.75,
2014,2014,CO,Colorado,BRFSS,3.7,,,,,,,,,,,,,,,,,,,,
2014,2014,CO,Colorado,NVSS,,367.3333333,,,,,,,,,,,,,,,,,,1001.375,
2014,2014,CT,Connecticut,BRFSS,3.5,,,,,,,,,,,,,,,,,,,,
2014,2014,CT,Connecticut,NVSS,,186.6666667,,,,,,,,,,,,,,,,,,832.1428571,
2014,2014,DC,District of Columbia,BRFSS,3.64,,,,,,,,,,,,,,,,,,,,
2014,2014,DC,District of Columbia,NVSS,,38.33333333,,,,,,,,,,,,,,,,,,263.2,
2014,2014,DE,Delaware,BRFSS,4.2,,,,,,,,,,,,,,,,,,,,
2014,2014,DE,Delaware,NVSS,,77.75,,,,,,,,,,,,,,,,,,375.6,
2014,2014,FL,Florida,BRFSS,4.35,,,,,,,,,,,,,,,,,,,,
2014,2014,FL,Florida,NVSS,,1512.5,,,,,,,,,,,,,,,,,,4622.875,
2014,2014,GA,Georgia,BRFSS,4.38,,,,,,,,,,,,,,,,,,,,
2014,2014,GA,Georgia,NVSS,,465.1666667,,,,,,,,,,,,,,,,,,2276.714286,
2014,2014,GU,Guam,BRFSS,5.6,,,,,,,,,,,,,,,,,,,,
2014,2014,HI,Hawaii,BRFSS,4.742857143,,,,,,,,,,,,,,,,,,,,
2014,2014,HI,Hawaii,NVSS,,65.6,,,,,,,,,,,,,,,,,,458.6666667,
2014,2014,IA,Iowa,BRFSS,4.125,,,,,,,,,,,,,,,,,,,,
2014,2014,IA,Iowa,NVSS,,233.75,,,,,,,,,,,,,,,,,,1283.285714,
2014,2014,ID,Idaho,BRFSS,3.85,,,,,,,,,,,,,,,,,,,,
2014,2014,ID,Idaho,NVSS,,141.25,,,,,,,,,,,,,,,,,,596.3333333,
2014,2014,IL,Illinois,BRFSS,3.966666667,,,,,,,,,,,,,,,,,,,,
2014,2014,IL,Illinois,NVSS,,656.3333333,,,,,,,,,,,,,,,,,,3426.142857,
2014,2014,IN,Indiana,BRFSS,4.5,,,,,,,,,,,,,,,,,,,,
2014,2014,IN,Indiana,NVSS,,389.6666667,,,,,,,,,,,,,,,,,,2938.333333,
2014,2014,KS,Kansas,BRFSS,3.72,,,,,,,,,,,,,,,,,,,,
2014,2014,KS,Kansas,NVSS,,204.5,,,,,,,,,,,,,,,,,,798,
2014,2014,KY,Kentucky,BRFSS,5.25,,,,,,,,,,,,,,,,,,,,
2014,2014,KY,Kentucky,NVSS,,360.2,,,,,,,,,,,,,,,,,,2237.333333,
2014,2014,LA,Louisiana,BRFSS,3.94,,,,,,,,,,,,,,,,,,,,
2014,2014,LA,Louisiana,NVSS,,305.4,,,,,,,,,,,,,,,,,,1459.857143,
2014,2014,MA,Massachusetts,BRFSS,4.066666667,,,,,,,,,,,,,,,,,,,,
2014,2014,MA,Massachusetts,NVSS,,332.8333333,,,,,,,,,,,,,,,,,,1467.142857,
2014,2014,MD,Maryland,BRFSS,3.583333333,,,,,,,,,,,,,,,,,,,,
2014,2014,MD,Maryland,NVSS,,286,,,,,,,,,,,,,,,,,,1691.857143,
2014,2014,ME,Maine,BRFSS,4.35,,,,,,,,,,,,,,,,,,,,
2014,2014,ME,Maine,NVSS,,119.5,,,,,,,,,,,,,,,,,,819.25,
2014,2014,MI,Michigan,BRFSS,4.66,,,,,,,,,,,,,,,,,,,,
2014,2014,MI,Michigan,NVSS,,595.1666667,,,,,,,,,,,,,,,,,,3208.75,
2014,2014,MN,Minnesota,BRFSS,3.75,,,,,,,,,,,,,,,,,,,,
2014,2014,MN,Minnesota,NVSS,,293,,,,,,,,,,,,,,,,,,1813.375,
2014,2014,MO,Missouri,BRFSS,4.38,,,,,,,,,,,,,,,,,,,,
2014,2014,MO,Missouri,NVSS,,370.8,,,,,,,,,,,,,,,,,,1879.857143,
2014,2014,MS,Mississippi,BRFSS,3.88,,,,,,,,,,,,,,,,,,,,
2014,2014,MS,Mississippi,NVSS,,206.6,,,,,,,,,,,,,,,,,,1529,
2014,2014,MT,Montana,BRFSS,4.26,,,,,,,,,,,,,,,,,,,,
2014,2014,MT,Montana,NVSS,,89.6,,,,,,,,,,,,,,,,,,473.6,
2014,2014,NC,North Carolina,BRFSS,3.466666667,,,,,,,,,,,,,,,,,,,,
2014,2014,NC,North Carolina,NVSS,,588.1666667,,,,,,,,,,,,,,,,,,3096.375,
2014,2014,ND,North Dakota,BRFSS,3.94,,,,,,,,,,,,,,,,,,,,
2014,2014,ND,North Dakota,NVSS,,49,,,,,,,,,,,,,,,,,,341,
2014,2014,NE,Nebraska,BRFSS,3.82,,,,,,,,,,,,,,,,,,,,
2014,2014,NE,Nebraska,NVSS,,118.25,,,,,,,,,,,,,,,,,,853.6666667,
2014,2014,NH,New Hampshire,BRFSS,3.925,,,,,,,,,,,,,,,,,,,,
2014,2014,NH,New Hampshire,NVSS,,134.5,,,,,,,,,,,,,,,,,,751.75,
2014,2014,NJ,New Jersey,BRFSS,3.7,,,,,,,,,,,,,,,,,,,,
2014,2014,NJ,New Jersey,NVSS,,339.8571429,,,,,,,,,,,,,,,,,,2435.714286,
2014,2014,NM,New Mexico,BRFSS,4.75,,,,,,,,,,,,,,,,,,,,
2014,2014,NM,New Mexico,NVSS,,253.5,,,,,,,,,,,,,,,,,,471.1428571,
2014,2014,NV,Nevada,BRFSS,4.34,,,,,,,,,,,,,,,,,,,,
2014,2014,NV,Nevada,NVSS,,192.8333333,,,,,,,,,,,,,,,,,,445,
2014,2014,NY,New York,BRFSS,3.366666667,,,,,,,,,,,,,,,,,,,,
2014,2014,NY,New York,NVSS,,669.8571429,,,,,,,,,,,,,,,,,,4449.75,
2014,2014,OH,Ohio,BRFSS,4.62,,,,,,,,,,,,,,,,,,,,
2014,2014,OH,Ohio,NVSS,,726.1666667,,,,,,,,,,,,,,,,,,5154.857143,
2014,2014,OK,Oklahoma,BRFSS,4.071428571,,,,,,,,,,,,,,,,,,,,
2014,2014,OK,Oklahoma,NVSS,,251.7142857,,,,,,,,,,,,,,,,,,1877.875,
2014,2014,OR,Oregon,BRFSS,4.275,,,,,,,,,,,,,,,,,,,,
2014,2014,OR,Oregon,NVSS,,297,,,,,,,,,,,,,,,,,,1452.625,
2014,2014,PA,Pennsylvania,BRFSS,3.96,,,,,,,,,,,,,,,,,,,,
2014,2014,PA,Pennsylvania,NVSS,,645.3333333,,,,,,,,,,,,,,,,,,4718.571429,
2014,2014,PR,Puerto Rico,BRFSS,3.875,,,,,,,,,,,,,,,,,,,,
2014,2014,RI,Rhode Island,BRFSS,3.82,,,,,,,,,,,,,,,,,,,,
2014,2014,RI,Rhode Island,NVSS,,84.25,,,,,,,,,,,,,,,,,,464,
2014,2014,SC,South Carolina,BRFSS,4.42,,,,,,,,,,,,,,,,,,,,
2014,2014,SC,South Carolina,NVSS,,410.6,,,,,,,,,,,,,,,,,,1749.142857,
2014,2014,SD,South Dakota,BRFSS,3.76,,,,,,,,,,,,,,,,,,,,
2014,2014,SD,South Dakota,NVSS,,77.8,,,,,,,,,,,,,,,,,,477,
2014,2014,TN,Tennessee,BRFSS,5.075,,,,,,,,,,,,,,,,,,,,
2014,2014,TN,Tennessee,NVSS,,545.4,,,,,,,,,,,,,,,,,,2941.666667,
2014,2014,TX,Texas,BRFSS,4.183333333,,,,,,,,,,,,,,,,,,,,
2014,2014,TX,Texas,NVSS,,1573,,,,,,,,,,,,,,,,,,6143.25,
2014,2014,US,United States,BRFSS,4.1,,,,,,,,,,,,,,,,,,,,
2014,2014,US,United States,NVSS,,38170,,,,,,,,,,,,,,,,,,220954,
2014,2014,UT,Utah,BRFSS,4.38,,,,,,,,,,,,,,,,,,,,
2014,2014,UT,Utah,NVSS,,130,,,,,,,,,,,,,,,,,,556.7142857,
2014,2014,VA,Virginia,BRFSS,4.06,,,,,,,,,,,,,,,,,,,,
2014,2014,VA,Virginia,NVSS,,493.8,,,,,,,,,,,,,,,,,,2076.714286,
2014,2014,VI,Virgin Islands,BRFSS,,,,,,,,,,,,,,,,,,,,,
2014,2014,VT,Vermont,BRFSS,4.525,,,,,,,,,,,,,,,,,,,,
2014,2014,VT,Vermont,NVSS,,51.5,,,,,,,,,,,,,,,,,,558,
2014,2014,WA,Washington,BRFSS,3.88,,,,,,,,,,,,,,,,,,,,
2014,2014,WA,Washington,NVSS,,383.1428571,,,,,,,,,,,,,,,,,,2013.75,
2014,2014,WI,Wisconsin,BRFSS,4.025,,,,,,,,,,,,,,,,,,,,
2014,2014,WI,Wisconsin,NVSS,,302.5,,,,,,,,,,,,,,,,,,1834.5,
2014,2014,WV,West Virginia,BRFSS,5.1,,,,,,,,,,,,,,,,,,,,
2014,2014,WV,West Virginia,NVSS,,256.75,,,,,,,,,,,,,,,,,,1488.2,
2014,2014,WY,Wyoming,BRFSS,3.85,,,,,,,,,,,,,,,,,,,,
2014,2014,WY,Wyoming,NVSS,,61.25,,,,,,,,,,,,,,,,,,184.8333333,
